ts,container,cpu_pct,mem_used,mem_pct,net_io,block_io
23:31:20,facultylens-perf-scheduler,0.07%,32.29MiB / 7.317GiB,0.43%,1.83kB / 911B,0B / 709kB
23:31:20,facultylens-perf-worker,0.00%,43.99MiB / 7.317GiB,0.59%,577kB / 536kB,147kB / 709kB
23:31:20,facultylens-perf-app,0.00%,135.1MiB / 7.317GiB,1.80%,4.75GB / 755MB,6.32MB / 1.62MB
23:31:20,facultylens-perf-ai-service,0.08%,468.6MiB / 7.317GiB,6.25%,429kB / 90.8kB,326MB / 0B
23:31:20,facultylens-perf-nginx,0.00%,16.25MiB / 7.317GiB,0.22%,555MB / 564MB,8.15MB / 4.1kB
23:31:20,facultylens-perf-redis,3.36%,79.82MiB / 7.317GiB,1.07%,89.8MB / 883MB,33.8MB / 85.5MB
23:31:20,facultylens-perf-mysql,0.50%,928.7MiB / 7.317GiB,12.40%,124MB / 3.84GB,357MB / 394MB
23:31:27,facultylens-perf-scheduler,0.08%,32.29MiB / 7.317GiB,0.43%,1.83kB / 911B,0B / 709kB
23:31:27,facultylens-perf-worker,0.00%,43.99MiB / 7.317GiB,0.59%,577kB / 539kB,147kB / 709kB
23:31:27,facultylens-perf-app,9.38%,110MiB / 7.317GiB,1.47%,4.75GB / 757MB,6.32MB / 1.62MB
23:31:27,facultylens-perf-ai-service,0.09%,468.6MiB / 7.317GiB,6.25%,429kB / 90.8kB,326MB / 0B
23:31:27,facultylens-perf-nginx,0.42%,16.26MiB / 7.317GiB,0.22%,557MB / 566MB,8.15MB / 4.1kB
23:31:27,facultylens-perf-redis,0.91%,76.16MiB / 7.317GiB,1.02%,89.8MB / 886MB,33.9MB / 85.6MB
23:31:27,facultylens-perf-mysql,6.79%,928.7MiB / 7.317GiB,12.40%,124MB / 3.84GB,357MB / 402MB
23:31:35,facultylens-perf-scheduler,0.06%,32.29MiB / 7.317GiB,0.43%,1.88kB / 911B,0B / 709kB
23:31:35,facultylens-perf-worker,0.00%,43.99MiB / 7.317GiB,0.59%,578kB / 546kB,147kB / 709kB
23:31:35,facultylens-perf-app,36.08%,108.1MiB / 7.317GiB,1.44%,4.76GB / 761MB,6.33MB / 1.62MB
23:31:35,facultylens-perf-ai-service,0.09%,468.6MiB / 7.317GiB,6.25%,430kB / 91.3kB,326MB / 0B
23:31:35,facultylens-perf-nginx,1.09%,16.38MiB / 7.317GiB,0.22%,561MB / 569MB,8.15MB / 4.1kB
23:31:35,facultylens-perf-redis,1.52%,75.27MiB / 7.317GiB,1.00%,90MB / 892MB,33.9MB / 85.6MB
23:31:35,facultylens-perf-mysql,12.84%,928.8MiB / 7.317GiB,12.40%,124MB / 3.84GB,357MB / 408MB
23:31:42,facultylens-perf-scheduler,0.07%,32.29MiB / 7.317GiB,0.43%,1.88kB / 911B,0B / 709kB
23:31:42,facultylens-perf-worker,0.00%,43.99MiB / 7.317GiB,0.59%,579kB / 549kB,147kB / 709kB
23:31:42,facultylens-perf-app,35.64%,109.8MiB / 7.317GiB,1.47%,4.77GB / 766MB,6.33MB / 1.63MB
23:31:42,facultylens-perf-ai-service,0.09%,468.6MiB / 7.317GiB,6.25%,430kB / 91.4kB,326MB / 0B
23:31:42,facultylens-perf-nginx,0.52%,16.37MiB / 7.317GiB,0.22%,566MB / 574MB,8.15MB / 4.1kB
23:31:42,facultylens-perf-redis,0.95%,76.65MiB / 7.317GiB,1.02%,90.2MB / 901MB,33.9MB / 85.7MB
23:31:42,facultylens-perf-mysql,7.09%,929.2MiB / 7.317GiB,12.40%,125MB / 3.84GB,357MB / 416MB
23:31:49,facultylens-perf-scheduler,0.07%,32.29MiB / 7.317GiB,0.43%,1.88kB / 911B,0B / 709kB
23:31:49,facultylens-perf-worker,0.07%,43.99MiB / 7.317GiB,0.59%,579kB / 553kB,147kB / 709kB
23:31:49,facultylens-perf-app,21.67%,106.2MiB / 7.317GiB,1.42%,4.78GB / 773MB,6.33MB / 1.64MB
23:31:49,facultylens-perf-ai-service,0.09%,468.6MiB / 7.317GiB,6.25%,430kB / 91.4kB,326MB / 0B
23:31:49,facultylens-perf-nginx,0.92%,16.44MiB / 7.317GiB,0.22%,571MB / 580MB,8.15MB / 4.1kB
23:31:49,facultylens-perf-redis,3.90%,76.88MiB / 7.317GiB,1.03%,90.6MB / 912MB,34MB / 85.8MB
23:31:49,facultylens-perf-mysql,13.48%,928.8MiB / 7.317GiB,12.40%,126MB / 3.85GB,357MB / 426MB
23:31:56,facultylens-perf-scheduler,2.19%,32.66MiB / 7.317GiB,0.44%,1.88kB / 911B,0B / 709kB
23:31:56,facultylens-perf-worker,0.09%,43.99MiB / 7.317GiB,0.59%,580kB / 556kB,147kB / 709kB
23:31:56,facultylens-perf-app,47.73%,107.9MiB / 7.317GiB,1.44%,4.8GB / 782MB,6.33MB / 1.65MB
23:31:56,facultylens-perf-ai-service,0.09%,468.6MiB / 7.317GiB,6.25%,430kB / 91.4kB,326MB / 0B
23:31:56,facultylens-perf-nginx,1.39%,16.39MiB / 7.317GiB,0.22%,579MB / 588MB,8.15MB / 4.1kB
23:31:56,facultylens-perf-redis,2.06%,76.34MiB / 7.317GiB,1.02%,91MB / 926MB,34MB / 85.9MB
23:31:56,facultylens-perf-mysql,17.90%,928.8MiB / 7.317GiB,12.40%,127MB / 3.85GB,357MB / 435MB
23:32:04,facultylens-perf-scheduler,0.06%,32.29MiB / 7.317GiB,0.43%,1.88kB / 911B,0B / 709kB
23:32:04,facultylens-perf-worker,0.00%,43.99MiB / 7.317GiB,0.59%,581kB / 561kB,147kB / 709kB
23:32:04,facultylens-perf-app,34.52%,108.2MiB / 7.317GiB,1.44%,4.82GB / 793MB,6.33MB / 1.65MB
23:32:04,facultylens-perf-ai-service,0.09%,468.6MiB / 7.317GiB,6.25%,430kB / 91.4kB,326MB / 0B
23:32:04,facultylens-perf-nginx,1.58%,16.5MiB / 7.317GiB,0.22%,588MB / 597MB,8.15MB / 4.1kB
23:32:04,facultylens-perf-redis,2.29%,76.59MiB / 7.317GiB,1.02%,91.4MB / 942MB,34MB / 86MB
23:32:04,facultylens-perf-mysql,18.71%,929.3MiB / 7.317GiB,12.40%,127MB / 3.85GB,357MB / 443MB
23:32:11,facultylens-perf-scheduler,0.07%,32.29MiB / 7.317GiB,0.43%,1.88kB / 911B,0B / 709kB
23:32:11,facultylens-perf-worker,0.00%,43.99MiB / 7.317GiB,0.59%,582kB / 564kB,147kB / 709kB
23:32:11,facultylens-perf-app,38.31%,112.3MiB / 7.317GiB,1.50%,4.84GB / 805MB,6.33MB / 1.68MB
23:32:11,facultylens-perf-ai-service,0.11%,468.6MiB / 7.317GiB,6.25%,431kB / 92.4kB,326MB / 0B
23:32:11,facultylens-perf-nginx,1.92%,16.61MiB / 7.317GiB,0.22%,599MB / 609MB,8.15MB / 4.1kB
23:32:11,facultylens-perf-redis,2.39%,76.32MiB / 7.317GiB,1.02%,91.9MB / 961MB,34MB / 86.1MB
23:32:11,facultylens-perf-mysql,21.20%,929.1MiB / 7.317GiB,12.40%,129MB / 3.86GB,357MB / 454MB
23:32:18,facultylens-perf-scheduler,0.08%,32.29MiB / 7.317GiB,0.43%,1.88kB / 911B,0B / 709kB
23:32:18,facultylens-perf-worker,0.00%,43.99MiB / 7.317GiB,0.59%,582kB / 568kB,147kB / 709kB
23:32:18,facultylens-perf-app,56.53%,109.5MiB / 7.317GiB,1.46%,4.87GB / 818MB,6.33MB / 1.7MB
23:32:18,facultylens-perf-ai-service,0.11%,468.6MiB / 7.317GiB,6.25%,433kB / 93.5kB,326MB / 0B
23:32:18,facultylens-perf-nginx,1.71%,16.6MiB / 7.317GiB,0.22%,609MB / 618MB,8.15MB / 4.1kB
23:32:18,facultylens-perf-redis,2.95%,76.23MiB / 7.317GiB,1.02%,92.5MB / 983MB,34.1MB / 86.3MB
23:32:18,facultylens-perf-mysql,20.39%,929.2MiB / 7.317GiB,12.40%,130MB / 3.86GB,357MB / 463MB
23:32:25,facultylens-perf-scheduler,0.08%,32.29MiB / 7.317GiB,0.43%,1.88kB / 911B,0B / 709kB
23:32:25,facultylens-perf-worker,0.00%,43.99MiB / 7.317GiB,0.59%,583kB / 571kB,147kB / 709kB
23:32:25,facultylens-perf-app,46.46%,110.6MiB / 7.317GiB,1.48%,4.9GB / 834MB,6.33MB / 1.71MB
23:32:25,facultylens-perf-ai-service,0.23%,468.6MiB / 7.317GiB,6.25%,435kB / 95kB,326MB / 0B
23:32:25,facultylens-perf-nginx,2.55%,16.61MiB / 7.317GiB,0.22%,624MB / 633MB,8.24MB / 4.1kB
23:32:25,facultylens-perf-redis,3.14%,76.95MiB / 7.317GiB,1.03%,93.1MB / 1GB,34.1MB / 86.4MB
23:32:25,facultylens-perf-mysql,25.52%,929.1MiB / 7.317GiB,12.40%,132MB / 3.87GB,357MB / 473MB
23:32:33,facultylens-perf-scheduler,0.06%,32.29MiB / 7.317GiB,0.43%,1.88kB / 911B,0B / 709kB
23:32:33,facultylens-perf-worker,0.00%,43.99MiB / 7.317GiB,0.59%,584kB / 575kB,147kB / 709kB
23:32:33,facultylens-perf-app,38.15%,108.9MiB / 7.317GiB,1.45%,4.93GB / 848MB,6.33MB / 1.73MB
23:32:33,facultylens-perf-ai-service,0.24%,468.6MiB / 7.317GiB,6.25%,436kB / 96kB,326MB / 0B
23:32:33,facultylens-perf-nginx,1.94%,16.68MiB / 7.317GiB,0.22%,637MB / 645MB,8.34MB / 4.1kB
23:32:33,facultylens-perf-redis,2.35%,76.9MiB / 7.317GiB,1.03%,93.7MB / 1.03GB,34.1MB / 86.5MB
23:32:33,facultylens-perf-mysql,22.15%,929.7MiB / 7.317GiB,12.41%,133MB / 3.87GB,358MB / 481MB
23:32:40,facultylens-perf-scheduler,0.07%,32.29MiB / 7.317GiB,0.43%,1.88kB / 911B,0B / 709kB
23:32:40,facultylens-perf-worker,0.00%,43.99MiB / 7.317GiB,0.59%,584kB / 578kB,147kB / 709kB
23:32:40,facultylens-perf-app,55.40%,109MiB / 7.317GiB,1.45%,4.95GB / 861MB,6.33MB / 1.77MB
23:32:40,facultylens-perf-ai-service,0.10%,468.6MiB / 7.317GiB,6.25%,436kB / 96kB,326MB / 0B
23:32:40,facultylens-perf-nginx,2.53%,16.68MiB / 7.317GiB,0.22%,648MB / 657MB,8.34MB / 4.1kB
23:32:40,facultylens-perf-redis,5.88%,76.97MiB / 7.317GiB,1.03%,94.3MB / 1.05GB,34.2MB / 86.6MB
23:32:40,facultylens-perf-mysql,20.52%,930MiB / 7.317GiB,12.41%,135MB / 3.88GB,358MB / 489MB
23:32:47,facultylens-perf-scheduler,0.06%,32.29MiB / 7.317GiB,0.43%,1.88kB / 911B,0B / 709kB
23:32:47,facultylens-perf-worker,0.00%,43.99MiB / 7.317GiB,0.59%,585kB / 581kB,147kB / 709kB
23:32:47,facultylens-perf-app,42.20%,107.6MiB / 7.317GiB,1.44%,4.98GB / 875MB,6.33MB / 1.79MB
23:32:47,facultylens-perf-ai-service,0.09%,468.6MiB / 7.317GiB,6.25%,436kB / 96kB,326MB / 0B
23:32:47,facultylens-perf-nginx,1.98%,16.62MiB / 7.317GiB,0.22%,661MB / 670MB,8.34MB / 4.1kB
23:32:47,facultylens-perf-redis,2.67%,77.21MiB / 7.317GiB,1.03%,94.8MB / 1.07GB,34.2MB / 86.7MB
23:32:47,facultylens-perf-mysql,22.06%,930.3MiB / 7.317GiB,12.42%,136MB / 3.88GB,358MB / 498MB
23:32:55,facultylens-perf-scheduler,0.09%,32.29MiB / 7.317GiB,0.43%,1.88kB / 911B,0B / 709kB
23:32:55,facultylens-perf-worker,0.00%,43.99MiB / 7.317GiB,0.59%,585kB / 585kB,147kB / 709kB
23:32:55,facultylens-perf-app,30.17%,107.4MiB / 7.317GiB,1.43%,5.01GB / 889MB,6.33MB / 1.8MB
23:32:55,facultylens-perf-ai-service,0.09%,468.6MiB / 7.317GiB,6.25%,436kB / 96kB,326MB / 0B
23:32:55,facultylens-perf-nginx,1.25%,16.62MiB / 7.317GiB,0.22%,673MB / 682MB,8.34MB / 4.1kB
23:32:55,facultylens-perf-redis,2.05%,77.61MiB / 7.317GiB,1.04%,96MB / 1.09GB,34.2MB / 87.4MB
23:32:55,facultylens-perf-mysql,18.62%,929.8MiB / 7.317GiB,12.41%,138MB / 3.89GB,358MB / 507MB
23:33:02,facultylens-perf-scheduler,0.06%,32.29MiB / 7.317GiB,0.43%,1.88kB / 911B,0B / 709kB
23:33:02,facultylens-perf-worker,0.00%,44MiB / 7.317GiB,0.59%,587kB / 590kB,147kB / 709kB
23:33:02,facultylens-perf-app,34.88%,109.2MiB / 7.317GiB,1.46%,5.03GB / 907MB,6.33MB / 1.83MB
23:33:02,facultylens-perf-ai-service,0.09%,468.6MiB / 7.317GiB,6.25%,436kB / 96kB,326MB / 0B
23:33:02,facultylens-perf-nginx,1.57%,16.64MiB / 7.317GiB,0.22%,685MB / 695MB,8.34MB / 4.1kB
23:33:02,facultylens-perf-redis,2.34%,78.57MiB / 7.317GiB,1.05%,99.2MB / 1.11GB,34.3MB / 89.6MB
23:33:02,facultylens-perf-mysql,20.61%,930.1MiB / 7.317GiB,12.41%,139MB / 3.89GB,358MB / 515MB
23:33:09,facultylens-perf-scheduler,0.06%,32.29MiB / 7.317GiB,0.43%,1.88kB / 911B,0B / 709kB
23:33:09,facultylens-perf-worker,0.00%,44MiB / 7.317GiB,0.59%,587kB / 593kB,147kB / 709kB
23:33:09,facultylens-perf-app,38.27%,111.9MiB / 7.317GiB,1.49%,5.06GB / 921MB,6.33MB / 1.86MB
23:33:09,facultylens-perf-ai-service,0.09%,468.6MiB / 7.317GiB,6.25%,436kB / 96kB,326MB / 0B
23:33:09,facultylens-perf-nginx,1.51%,16.67MiB / 7.317GiB,0.22%,698MB / 707MB,8.34MB / 4.1kB
23:33:09,facultylens-perf-redis,2.27%,75.76MiB / 7.317GiB,1.01%,100MB / 1.14GB,34.3MB / 90.8MB
23:33:09,facultylens-perf-mysql,23.74%,930.1MiB / 7.317GiB,12.41%,141MB / 3.9GB,358MB / 523MB
23:33:16,facultylens-perf-scheduler,0.07%,32.29MiB / 7.317GiB,0.43%,1.88kB / 911B,0B / 709kB
23:33:16,facultylens-perf-worker,0.00%,44MiB / 7.317GiB,0.59%,588kB / 596kB,147kB / 709kB
23:33:16,facultylens-perf-app,51.66%,111MiB / 7.317GiB,1.48%,5.09GB / 936MB,6.33MB / 1.88MB
23:33:16,facultylens-perf-ai-service,0.08%,468.6MiB / 7.317GiB,6.25%,436kB / 96kB,326MB / 0B
23:33:16,facultylens-perf-nginx,2.20%,16.62MiB / 7.317GiB,0.22%,710MB / 720MB,8.34MB / 4.1kB
23:33:16,facultylens-perf-redis,2.19%,73.89MiB / 7.317GiB,0.99%,101MB / 1.15GB,34.3MB / 90.9MB
23:33:16,facultylens-perf-mysql,28.98%,930.2MiB / 7.317GiB,12.42%,142MB / 3.91GB,358MB / 531MB
23:33:24,facultylens-perf-scheduler,0.06%,32.29MiB / 7.317GiB,0.43%,1.88kB / 911B,0B / 709kB
23:33:24,facultylens-perf-worker,0.00%,44MiB / 7.317GiB,0.59%,588kB / 600kB,147kB / 709kB
23:33:24,facultylens-perf-app,47.29%,111.9MiB / 7.317GiB,1.49%,5.12GB / 948MB,6.33MB / 1.89MB
23:33:24,facultylens-perf-ai-service,0.08%,468.6MiB / 7.317GiB,6.25%,436kB / 96kB,326MB / 0B
23:33:24,facultylens-perf-nginx,1.92%,16.62MiB / 7.317GiB,0.22%,722MB / 732MB,8.34MB / 4.1kB
23:33:24,facultylens-perf-redis,2.57%,76.12MiB / 7.317GiB,1.02%,102MB / 1.18GB,34.3MB / 91.4MB
23:33:24,facultylens-perf-mysql,23.93%,930.7MiB / 7.317GiB,12.42%,144MB / 3.92GB,358MB / 538MB
23:33:31,facultylens-perf-scheduler,0.06%,32.29MiB / 7.317GiB,0.43%,1.88kB / 911B,0B / 709kB
23:33:31,facultylens-perf-worker,0.00%,44MiB / 7.317GiB,0.59%,589kB / 603kB,147kB / 709kB
23:33:31,facultylens-perf-app,34.95%,111.3MiB / 7.317GiB,1.49%,5.16GB / 963MB,6.33MB / 1.92MB
23:33:31,facultylens-perf-ai-service,0.08%,468.6MiB / 7.317GiB,6.25%,436kB / 96kB,326MB / 0B
23:33:31,facultylens-perf-nginx,1.32%,16.88MiB / 7.317GiB,0.23%,733MB / 743MB,8.34MB / 4.1kB
23:33:31,facultylens-perf-redis,2.05%,75.47MiB / 7.317GiB,1.01%,102MB / 1.2GB,34.4MB / 91.6MB
23:33:31,facultylens-perf-mysql,23.91%,930.5MiB / 7.317GiB,12.42%,145MB / 3.93GB,358MB / 545MB
23:33:38,facultylens-perf-scheduler,0.07%,32.29MiB / 7.317GiB,0.43%,1.88kB / 911B,0B / 709kB
23:33:38,facultylens-perf-worker,0.01%,44MiB / 7.317GiB,0.59%,589kB / 607kB,147kB / 709kB
23:33:38,facultylens-perf-app,52.85%,113.6MiB / 7.317GiB,1.52%,5.2GB / 978MB,6.33MB / 1.95MB
23:33:38,facultylens-perf-ai-service,0.11%,468.6MiB / 7.317GiB,6.25%,436kB / 96kB,326MB / 0B
23:33:38,facultylens-perf-nginx,3.81%,16.95MiB / 7.317GiB,0.23%,746MB / 756MB,8.34MB / 4.1kB
23:33:38,facultylens-perf-redis,2.59%,75.01MiB / 7.317GiB,1.00%,103MB / 1.22GB,34.4MB / 91.8MB
23:33:38,facultylens-perf-mysql,31.04%,930.4MiB / 7.317GiB,12.42%,147MB / 3.94GB,358MB / 553MB
23:33:45,facultylens-perf-scheduler,0.06%,32.29MiB / 7.317GiB,0.43%,1.88kB / 911B,0B / 709kB
23:33:45,facultylens-perf-worker,0.01%,44MiB / 7.317GiB,0.59%,590kB / 610kB,147kB / 709kB
23:33:45,facultylens-perf-app,42.76%,109.2MiB / 7.317GiB,1.46%,5.23GB / 993MB,6.33MB / 1.97MB
23:33:45,facultylens-perf-ai-service,0.09%,468.6MiB / 7.317GiB,6.25%,436kB / 96kB,326MB / 0B
23:33:45,facultylens-perf-nginx,1.74%,16.63MiB / 7.317GiB,0.22%,759MB / 769MB,8.34MB / 4.1kB
23:33:45,facultylens-perf-redis,2.50%,75MiB / 7.317GiB,1.00%,104MB / 1.24GB,34.4MB / 92.1MB
23:33:45,facultylens-perf-mysql,24.75%,930.4MiB / 7.317GiB,12.42%,149MB / 3.95GB,358MB / 560MB
23:33:53,facultylens-perf-scheduler,0.07%,32.29MiB / 7.317GiB,0.43%,1.88kB / 911B,0B / 709kB
23:33:53,facultylens-perf-worker,0.00%,44MiB / 7.317GiB,0.59%,591kB / 613kB,147kB / 709kB
23:33:53,facultylens-perf-app,79.92%,114.1MiB / 7.317GiB,1.52%,5.27GB / 1.01GB,6.33MB / 1.99MB
23:33:53,facultylens-perf-ai-service,0.10%,468.6MiB / 7.317GiB,6.25%,436kB / 96kB,326MB / 0B
23:33:53,facultylens-perf-nginx,2.55%,16.62MiB / 7.317GiB,0.22%,772MB / 782MB,8.34MB / 4.1kB
23:33:53,facultylens-perf-redis,3.62%,73.57MiB / 7.317GiB,0.98%,105MB / 1.27GB,34.5MB / 92.5MB
23:33:53,facultylens-perf-mysql,20.90%,930.5MiB / 7.317GiB,12.42%,150MB / 3.97GB,358MB / 566MB
23:34:00,facultylens-perf-scheduler,0.06%,32.29MiB / 7.317GiB,0.43%,1.88kB / 911B,0B / 709kB
23:34:00,facultylens-perf-worker,0.00%,44MiB / 7.317GiB,0.59%,592kB / 618kB,147kB / 709kB
23:34:00,facultylens-perf-app,53.90%,111.6MiB / 7.317GiB,1.49%,5.31GB / 1.02GB,6.33MB / 2.02MB
23:34:00,facultylens-perf-ai-service,0.09%,468.6MiB / 7.317GiB,6.25%,436kB / 96kB,326MB / 0B
23:34:00,facultylens-perf-nginx,1.78%,16.73MiB / 7.317GiB,0.22%,784MB / 794MB,8.34MB / 4.1kB
23:34:00,facultylens-perf-redis,5.07%,62.91MiB / 7.317GiB,0.84%,106MB / 1.29GB,34.5MB / 93MB
23:34:00,facultylens-perf-mysql,37.02%,930.7MiB / 7.317GiB,12.42%,153MB / 3.99GB,358MB / 575MB
23:34:07,facultylens-perf-scheduler,0.06%,32.29MiB / 7.317GiB,0.43%,1.88kB / 911B,0B / 709kB
23:34:07,facultylens-perf-worker,0.00%,44MiB / 7.317GiB,0.59%,593kB / 622kB,147kB / 709kB
23:34:07,facultylens-perf-app,20.09%,124MiB / 7.317GiB,1.65%,5.43GB / 1.04GB,6.33MB / 2.03MB
23:34:07,facultylens-perf-ai-service,0.08%,468.6MiB / 7.317GiB,6.25%,436kB / 96kB,326MB / 0B
23:34:07,facultylens-perf-nginx,0.83%,16.62MiB / 7.317GiB,0.22%,795MB / 806MB,8.34MB / 4.1kB
23:34:07,facultylens-perf-redis,1.29%,53.34MiB / 7.317GiB,0.71%,107MB / 1.31GB,34.5MB / 103MB
23:34:07,facultylens-perf-mysql,9.41%,930.6MiB / 7.317GiB,12.42%,155MB / 4.09GB,358MB / 581MB
23:34:15,facultylens-perf-scheduler,0.07%,32.29MiB / 7.317GiB,0.43%,1.88kB / 911B,0B / 709kB
23:34:15,facultylens-perf-worker,0.00%,44MiB / 7.317GiB,0.59%,593kB / 625kB,147kB / 709kB
23:34:15,facultylens-perf-app,30.84%,109.7MiB / 7.317GiB,1.46%,5.61GB / 1.05GB,6.33MB / 2.05MB
23:34:15,facultylens-perf-ai-service,0.10%,468.6MiB / 7.317GiB,6.25%,436kB / 96kB,326MB / 0B
23:34:15,facultylens-perf-nginx,1.36%,16.62MiB / 7.317GiB,0.22%,807MB / 818MB,8.34MB / 4.1kB
23:34:15,facultylens-perf-redis,2.14%,43.07MiB / 7.317GiB,0.57%,110MB / 1.32GB,34.5MB / 105MB
23:34:15,facultylens-perf-mysql,19.51%,931.1MiB / 7.317GiB,12.43%,158MB / 4.26GB,358MB / 588MB
23:34:22,facultylens-perf-scheduler,0.06%,32.29MiB / 7.317GiB,0.43%,1.88kB / 911B,0B / 709kB
23:34:22,facultylens-perf-worker,0.00%,44MiB / 7.317GiB,0.59%,594kB / 628kB,147kB / 709kB
23:34:22,facultylens-perf-app,49.82%,111.9MiB / 7.317GiB,1.49%,5.65GB / 1.07GB,6.33MB / 2.08MB
23:34:22,facultylens-perf-ai-service,0.08%,468.6MiB / 7.317GiB,6.25%,436kB / 96kB,326MB / 0B
23:34:22,facultylens-perf-nginx,1.89%,16.64MiB / 7.317GiB,0.22%,818MB / 829MB,8.34MB / 4.1kB
23:34:22,facultylens-perf-redis,2.53%,43.76MiB / 7.317GiB,0.58%,111MB / 1.34GB,34.6MB / 106MB
23:34:22,facultylens-perf-mysql,22.05%,931.4MiB / 7.317GiB,12.43%,160MB / 4.27GB,358MB / 594MB
23:34:29,facultylens-perf-scheduler,0.06%,32.29MiB / 7.317GiB,0.43%,1.88kB / 911B,0B / 709kB
23:34:29,facultylens-perf-worker,0.07%,44MiB / 7.317GiB,0.59%,595kB / 635kB,147kB / 709kB
23:34:29,facultylens-perf-app,46.28%,118MiB / 7.317GiB,1.57%,5.68GB / 1.08GB,6.33MB / 2.11MB
23:34:29,facultylens-perf-ai-service,0.08%,468.6MiB / 7.317GiB,6.25%,436kB / 96kB,326MB / 0B
23:34:29,facultylens-perf-nginx,1.68%,16.62MiB / 7.317GiB,0.22%,830MB / 841MB,8.34MB / 4.1kB
23:34:29,facultylens-perf-redis,2.37%,39.88MiB / 7.317GiB,0.53%,112MB / 1.36GB,34.6MB / 106MB
23:34:29,facultylens-perf-mysql,28.64%,931.9MiB / 7.317GiB,12.44%,162MB / 4.28GB,358MB / 603MB
23:34:36,facultylens-perf-scheduler,0.06%,32.29MiB / 7.317GiB,0.43%,1.88kB / 911B,0B / 709kB
23:34:36,facultylens-perf-worker,0.07%,44MiB / 7.317GiB,0.59%,595kB / 639kB,147kB / 709kB
23:34:36,facultylens-perf-app,37.29%,111.3MiB / 7.317GiB,1.49%,5.72GB / 1.1GB,6.33MB / 2.12MB
23:34:36,facultylens-perf-ai-service,0.08%,468.6MiB / 7.317GiB,6.25%,436kB / 96kB,326MB / 0B
23:34:36,facultylens-perf-nginx,1.67%,16.62MiB / 7.317GiB,0.22%,843MB / 854MB,8.34MB / 4.1kB
23:34:36,facultylens-perf-redis,2.46%,34.52MiB / 7.317GiB,0.46%,113MB / 1.39GB,34.6MB / 107MB
23:34:36,facultylens-perf-mysql,23.00%,931.4MiB / 7.317GiB,12.43%,163MB / 4.3GB,358MB / 609MB
23:34:44,facultylens-perf-scheduler,0.06%,32.29MiB / 7.317GiB,0.43%,1.88kB / 911B,0B / 709kB
23:34:44,facultylens-perf-worker,0.08%,44MiB / 7.317GiB,0.59%,596kB / 642kB,147kB / 709kB
23:34:44,facultylens-perf-app,55.91%,119.3MiB / 7.317GiB,1.59%,5.77GB / 1.11GB,6.33MB / 2.15MB
23:34:44,facultylens-perf-ai-service,0.08%,468.6MiB / 7.317GiB,6.25%,436kB / 96kB,326MB / 0B
23:34:44,facultylens-perf-nginx,1.81%,16.64MiB / 7.317GiB,0.22%,855MB / 867MB,8.34MB / 4.1kB
23:34:44,facultylens-perf-redis,2.63%,34.59MiB / 7.317GiB,0.46%,114MB / 1.41GB,34.7MB / 107MB
23:34:44,facultylens-perf-mysql,37.76%,931.4MiB / 7.317GiB,12.43%,165MB / 4.32GB,358MB / 616MB
23:34:51,facultylens-perf-scheduler,0.06%,32.29MiB / 7.317GiB,0.43%,1.88kB / 911B,0B / 709kB
23:34:51,facultylens-perf-worker,0.07%,44MiB / 7.317GiB,0.59%,596kB / 645kB,147kB / 709kB
23:34:51,facultylens-perf-app,66.58%,115.5MiB / 7.317GiB,1.54%,5.81GB / 1.13GB,6.33MB / 2.17MB
23:34:51,facultylens-perf-ai-service,0.08%,468.6MiB / 7.317GiB,6.25%,436kB / 96kB,326MB / 0B
23:34:51,facultylens-perf-nginx,2.33%,17.08MiB / 7.317GiB,0.23%,868MB / 880MB,8.34MB / 4.1kB
23:34:51,facultylens-perf-redis,3.13%,30.27MiB / 7.317GiB,0.40%,114MB / 1.43GB,34.7MB / 107MB
23:34:51,facultylens-perf-mysql,36.72%,931.2MiB / 7.317GiB,12.43%,167MB / 4.35GB,358MB / 622MB
23:34:58,facultylens-perf-scheduler,2.22%,32.3MiB / 7.317GiB,0.43%,1.88kB / 911B,0B / 709kB
23:34:58,facultylens-perf-worker,13.67%,44.01MiB / 7.317GiB,0.59%,598kB / 650kB,147kB / 709kB
23:34:58,facultylens-perf-app,71.62%,120.8MiB / 7.317GiB,1.61%,5.86GB / 1.14GB,6.33MB / 2.2MB
23:34:58,facultylens-perf-ai-service,3.33%,468.6MiB / 7.317GiB,6.25%,436kB / 96kB,326MB / 0B
23:34:58,facultylens-perf-nginx,2.20%,16.73MiB / 7.317GiB,0.22%,880MB / 892MB,8.34MB / 4.1kB
23:34:58,facultylens-perf-redis,3.17%,26.65MiB / 7.317GiB,0.36%,115MB / 1.45GB,34.7MB / 108MB
23:34:58,facultylens-perf-mysql,41.82%,931.3MiB / 7.317GiB,12.43%,169MB / 4.37GB,358MB / 629MB
23:35:06,facultylens-perf-scheduler,0.07%,32.29MiB / 7.317GiB,0.43%,1.88kB / 911B,0B / 709kB
23:35:06,facultylens-perf-worker,0.00%,44MiB / 7.317GiB,0.59%,598kB / 654kB,147kB / 709kB
23:35:06,facultylens-perf-app,43.07%,123.4MiB / 7.317GiB,1.65%,5.9GB / 1.16GB,6.33MB / 2.21MB
23:35:06,facultylens-perf-ai-service,0.10%,468.6MiB / 7.317GiB,6.25%,436kB / 96kB,326MB / 0B
23:35:06,facultylens-perf-nginx,1.29%,16.78MiB / 7.317GiB,0.22%,892MB / 905MB,8.34MB / 4.1kB
23:35:06,facultylens-perf-redis,2.03%,26.36MiB / 7.317GiB,0.35%,116MB / 1.47GB,34.8MB / 108MB
23:35:06,facultylens-perf-mysql,25.58%,931.6MiB / 7.317GiB,12.43%,171MB / 4.39GB,358MB / 635MB
23:35:13,facultylens-perf-scheduler,0.06%,32.29MiB / 7.317GiB,0.43%,1.88kB / 911B,0B / 709kB
23:35:13,facultylens-perf-worker,0.00%,44MiB / 7.317GiB,0.59%,599kB / 657kB,147kB / 709kB
23:35:13,facultylens-perf-app,45.21%,115.4MiB / 7.317GiB,1.54%,5.94GB / 1.17GB,6.33MB / 2.24MB
23:35:13,facultylens-perf-ai-service,0.10%,468.6MiB / 7.317GiB,6.25%,436kB / 96kB,326MB / 0B
23:35:13,facultylens-perf-nginx,2.20%,16.64MiB / 7.317GiB,0.22%,902MB / 915MB,8.34MB / 4.1kB
23:35:13,facultylens-perf-redis,2.21%,26.42MiB / 7.317GiB,0.35%,117MB / 1.49GB,34.8MB / 109MB
23:35:13,facultylens-perf-mysql,28.77%,931.8MiB / 7.317GiB,12.44%,173MB / 4.41GB,358MB / 642MB
23:35:20,facultylens-perf-scheduler,0.06%,32.29MiB / 7.317GiB,0.43%,1.88kB / 911B,0B / 709kB
23:35:20,facultylens-perf-worker,0.00%,44MiB / 7.317GiB,0.59%,599kB / 660kB,147kB / 709kB
23:35:20,facultylens-perf-app,54.22%,115.6MiB / 7.317GiB,1.54%,5.98GB / 1.19GB,6.33MB / 2.26MB
23:35:20,facultylens-perf-ai-service,0.08%,468.6MiB / 7.317GiB,6.25%,436kB / 96kB,326MB / 0B
23:35:20,facultylens-perf-nginx,2.08%,16.64MiB / 7.317GiB,0.22%,915MB / 928MB,8.34MB / 4.1kB
23:35:20,facultylens-perf-redis,5.06%,26.6MiB / 7.317GiB,0.36%,118MB / 1.51GB,34.8MB / 109MB
23:35:20,facultylens-perf-mysql,34.39%,931.6MiB / 7.317GiB,12.43%,175MB / 4.43GB,358MB / 649MB
23:35:27,facultylens-perf-scheduler,0.06%,32.29MiB / 7.317GiB,0.43%,1.88kB / 911B,0B / 709kB
23:35:27,facultylens-perf-worker,0.00%,44MiB / 7.317GiB,0.59%,600kB / 664kB,147kB / 709kB
23:35:27,facultylens-perf-app,58.15%,109.8MiB / 7.317GiB,1.47%,6.02GB / 1.2GB,6.33MB / 2.29MB
23:35:27,facultylens-perf-ai-service,0.08%,468.6MiB / 7.317GiB,6.25%,436kB / 96kB,326MB / 0B
23:35:27,facultylens-perf-nginx,2.30%,16.64MiB / 7.317GiB,0.22%,928MB / 941MB,8.34MB / 4.1kB
23:35:27,facultylens-perf-redis,3.10%,26.55MiB / 7.317GiB,0.35%,119MB / 1.54GB,34.8MB / 109MB
23:35:27,facultylens-perf-mysql,32.97%,932.2MiB / 7.317GiB,12.44%,177MB / 4.44GB,358MB / 655MB
23:35:35,facultylens-perf-scheduler,0.06%,32.29MiB / 7.317GiB,0.43%,1.88kB / 911B,0B / 709kB
23:35:35,facultylens-perf-worker,0.00%,44MiB / 7.317GiB,0.59%,601kB / 667kB,147kB / 709kB
23:35:35,facultylens-perf-app,44.25%,109.8MiB / 7.317GiB,1.47%,6.06GB / 1.22GB,6.33MB / 2.31MB
23:35:35,facultylens-perf-ai-service,0.09%,468.6MiB / 7.317GiB,6.25%,436kB / 96kB,326MB / 0B
23:35:35,facultylens-perf-nginx,1.64%,16.64MiB / 7.317GiB,0.22%,940MB / 953MB,8.34MB / 4.1kB
23:35:35,facultylens-perf-redis,2.31%,27.52MiB / 7.317GiB,0.37%,119MB / 1.56GB,34.9MB / 110MB
23:35:35,facultylens-perf-mysql,24.76%,931.5MiB / 7.317GiB,12.43%,179MB / 4.46GB,358MB / 661MB
23:35:42,facultylens-perf-scheduler,0.07%,32.29MiB / 7.317GiB,0.43%,1.88kB / 911B,0B / 709kB
23:35:42,facultylens-perf-worker,0.00%,44MiB / 7.317GiB,0.59%,601kB / 671kB,147kB / 709kB
23:35:42,facultylens-perf-app,33.31%,111.9MiB / 7.317GiB,1.49%,6.08GB / 1.23GB,6.33MB / 2.33MB
23:35:42,facultylens-perf-ai-service,0.07%,468.6MiB / 7.317GiB,6.25%,436kB / 96kB,326MB / 0B
23:35:42,facultylens-perf-nginx,1.42%,16.77MiB / 7.317GiB,0.22%,953MB / 966MB,8.34MB / 4.1kB
23:35:42,facultylens-perf-redis,2.01%,27.41MiB / 7.317GiB,0.37%,120MB / 1.58GB,34.9MB / 110MB
23:35:42,facultylens-perf-mysql,23.26%,931.6MiB / 7.317GiB,12.43%,180MB / 4.46GB,358MB / 667MB
23:35:49,facultylens-perf-scheduler,0.06%,32.29MiB / 7.317GiB,0.43%,1.88kB / 911B,0B / 709kB
23:35:49,facultylens-perf-worker,0.00%,44MiB / 7.317GiB,0.59%,602kB / 674kB,147kB / 709kB
23:35:49,facultylens-perf-app,40.69%,110.3MiB / 7.317GiB,1.47%,6.11GB / 1.24GB,6.33MB / 2.35MB
23:35:49,facultylens-perf-ai-service,0.09%,468.6MiB / 7.317GiB,6.25%,436kB / 96kB,326MB / 0B
23:35:49,facultylens-perf-nginx,1.66%,16.68MiB / 7.317GiB,0.22%,965MB / 978MB,8.34MB / 4.1kB
23:35:49,facultylens-perf-redis,2.85%,27.35MiB / 7.317GiB,0.37%,120MB / 1.6GB,34.9MB / 110MB
23:35:49,facultylens-perf-mysql,21.31%,931.9MiB / 7.317GiB,12.44%,182MB / 4.47GB,358MB / 675MB
23:35:56,facultylens-perf-scheduler,2.08%,32.43MiB / 7.317GiB,0.43%,1.88kB / 911B,0B / 709kB
23:35:56,facultylens-perf-worker,0.00%,44MiB / 7.317GiB,0.59%,602kB / 677kB,147kB / 709kB
23:35:56,facultylens-perf-app,42.32%,112MiB / 7.317GiB,1.49%,6.14GB / 1.26GB,6.33MB / 2.38MB
23:35:56,facultylens-perf-ai-service,0.08%,468.6MiB / 7.317GiB,6.25%,436kB / 96kB,326MB / 0B
23:35:56,facultylens-perf-nginx,1.83%,17.13MiB / 7.317GiB,0.23%,978MB / 991MB,8.34MB / 4.1kB
23:35:56,facultylens-perf-redis,2.54%,27.16MiB / 7.317GiB,0.36%,121MB / 1.63GB,35MB / 110MB
23:35:56,facultylens-perf-mysql,26.11%,931.6MiB / 7.317GiB,12.43%,183MB / 4.48GB,358MB / 681MB
23:36:04,facultylens-perf-scheduler,0.06%,32.29MiB / 7.317GiB,0.43%,1.88kB / 911B,0B / 709kB
23:36:04,facultylens-perf-worker,0.00%,44MiB / 7.317GiB,0.59%,604kB / 682kB,147kB / 709kB
23:36:04,facultylens-perf-app,44.17%,111.5MiB / 7.317GiB,1.49%,6.17GB / 1.27GB,6.33MB / 2.4MB
23:36:04,facultylens-perf-ai-service,0.08%,468.6MiB / 7.317GiB,6.25%,436kB / 96kB,326MB / 0B
23:36:04,facultylens-perf-nginx,1.97%,16.66MiB / 7.317GiB,0.22%,989MB / 1GB,8.34MB / 4.1kB
23:36:04,facultylens-perf-redis,2.09%,27.94MiB / 7.317GiB,0.37%,122MB / 1.64GB,35MB / 110MB
23:36:04,facultylens-perf-mysql,26.47%,932.2MiB / 7.317GiB,12.44%,185MB / 4.48GB,358MB / 688MB
23:36:11,facultylens-perf-scheduler,0.06%,32.29MiB / 7.317GiB,0.43%,1.88kB / 911B,0B / 709kB
23:36:11,facultylens-perf-worker,0.00%,44MiB / 7.317GiB,0.59%,604kB / 686kB,147kB / 709kB
23:36:11,facultylens-perf-app,40.03%,112.5MiB / 7.317GiB,1.50%,6.19GB / 1.28GB,6.33MB / 2.42MB
23:36:11,facultylens-perf-ai-service,0.10%,468.6MiB / 7.317GiB,6.25%,436kB / 96kB,326MB / 0B
23:36:11,facultylens-perf-nginx,1.50%,16.88MiB / 7.317GiB,0.23%,1GB / 1.01GB,8.34MB / 4.1kB
23:36:11,facultylens-perf-redis,4.83%,26.81MiB / 7.317GiB,0.36%,122MB / 1.66GB,35MB / 110MB
23:36:11,facultylens-perf-mysql,19.28%,931.7MiB / 7.317GiB,12.44%,186MB / 4.48GB,358MB / 694MB
23:36:18,facultylens-perf-scheduler,0.07%,32.29MiB / 7.317GiB,0.43%,1.88kB / 911B,0B / 709kB
23:36:18,facultylens-perf-worker,0.00%,44MiB / 7.317GiB,0.59%,605kB / 689kB,147kB / 709kB
23:36:18,facultylens-perf-app,35.20%,111.8MiB / 7.317GiB,1.49%,6.22GB / 1.3GB,6.33MB / 2.44MB
23:36:18,facultylens-perf-ai-service,0.10%,468.6MiB / 7.317GiB,6.25%,436kB / 96kB,326MB / 0B
23:36:18,facultylens-perf-nginx,1.45%,16.8MiB / 7.317GiB,0.22%,1.01GB / 1.03GB,8.34MB / 4.1kB
23:36:18,facultylens-perf-redis,2.16%,25.86MiB / 7.317GiB,0.35%,123MB / 1.69GB,35MB / 110MB
23:36:18,facultylens-perf-mysql,17.25%,932MiB / 7.317GiB,12.44%,187MB / 4.49GB,358MB / 700MB
23:36:26,facultylens-perf-scheduler,0.07%,32.29MiB / 7.317GiB,0.43%,1.88kB / 911B,0B / 709kB
23:36:26,facultylens-perf-worker,0.00%,44MiB / 7.317GiB,0.59%,605kB / 692kB,147kB / 709kB
23:36:26,facultylens-perf-app,35.07%,110.6MiB / 7.317GiB,1.48%,6.25GB / 1.31GB,6.33MB / 2.46MB
23:36:26,facultylens-perf-ai-service,0.08%,468.6MiB / 7.317GiB,6.25%,436kB / 96kB,326MB / 0B
23:36:26,facultylens-perf-nginx,1.58%,16.68MiB / 7.317GiB,0.22%,1.03GB / 1.04GB,8.34MB / 4.1kB
23:36:26,facultylens-perf-redis,2.26%,25.86MiB / 7.317GiB,0.35%,123MB / 1.71GB,35.1MB / 110MB
23:36:26,facultylens-perf-mysql,20.78%,932.1MiB / 7.317GiB,12.44%,189MB / 4.49GB,358MB / 706MB
23:36:33,facultylens-perf-scheduler,0.06%,32.29MiB / 7.317GiB,0.43%,1.88kB / 911B,0B / 709kB
23:36:33,facultylens-perf-worker,0.00%,44.03MiB / 7.317GiB,0.59%,606kB / 696kB,147kB / 709kB
23:36:33,facultylens-perf-app,37.67%,108.3MiB / 7.317GiB,1.45%,6.28GB / 1.33GB,6.33MB / 2.49MB
23:36:33,facultylens-perf-ai-service,0.09%,468.6MiB / 7.317GiB,6.25%,436kB / 96kB,326MB / 0B
23:36:33,facultylens-perf-nginx,1.78%,16.64MiB / 7.317GiB,0.22%,1.04GB / 1.05GB,8.34MB / 4.1kB
23:36:33,facultylens-perf-redis,2.52%,25.68MiB / 7.317GiB,0.34%,124MB / 1.74GB,35.1MB / 111MB
23:36:33,facultylens-perf-mysql,22.59%,931.9MiB / 7.317GiB,12.44%,190MB / 4.5GB,358MB / 712MB
23:36:40,facultylens-perf-scheduler,0.06%,32.29MiB / 7.317GiB,0.43%,1.88kB / 911B,0B / 709kB
23:36:40,facultylens-perf-worker,0.00%,44.03MiB / 7.317GiB,0.59%,606kB / 699kB,147kB / 709kB
23:36:40,facultylens-perf-app,40.70%,108.5MiB / 7.317GiB,1.45%,6.3GB / 1.34GB,6.33MB / 2.51MB
23:36:40,facultylens-perf-ai-service,0.08%,468.6MiB / 7.317GiB,6.25%,436kB / 96kB,326MB / 0B
23:36:40,facultylens-perf-nginx,1.86%,16.64MiB / 7.317GiB,0.22%,1.05GB / 1.07GB,8.34MB / 4.1kB
23:36:40,facultylens-perf-redis,4.90%,24.7MiB / 7.317GiB,0.33%,125MB / 1.76GB,35.1MB / 111MB
23:36:40,facultylens-perf-mysql,17.64%,932.1MiB / 7.317GiB,12.44%,192MB / 4.5GB,358MB / 718MB
23:36:47,facultylens-perf-scheduler,0.07%,32.29MiB / 7.317GiB,0.43%,1.88kB / 911B,0B / 709kB
23:36:47,facultylens-perf-worker,0.00%,44.03MiB / 7.317GiB,0.59%,607kB / 702kB,147kB / 709kB
23:36:47,facultylens-perf-app,26.77%,109.4MiB / 7.317GiB,1.46%,6.33GB / 1.36GB,6.33MB / 2.53MB
23:36:47,facultylens-perf-ai-service,0.09%,468.6MiB / 7.317GiB,6.25%,436kB / 96kB,326MB / 0B
23:36:47,facultylens-perf-nginx,1.24%,16.64MiB / 7.317GiB,0.22%,1.06GB / 1.08GB,8.34MB / 4.1kB
23:36:47,facultylens-perf-redis,1.86%,25.19MiB / 7.317GiB,0.34%,125MB / 1.78GB,35.2MB / 111MB
23:36:47,facultylens-perf-mysql,16.77%,932.2MiB / 7.317GiB,12.44%,193MB / 4.51GB,358MB / 725MB
23:36:55,facultylens-perf-scheduler,0.08%,32.29MiB / 7.317GiB,0.43%,1.88kB / 911B,0B / 709kB
23:36:55,facultylens-perf-worker,0.00%,44.03MiB / 7.317GiB,0.59%,608kB / 706kB,147kB / 709kB
23:36:55,facultylens-perf-app,37.05%,103.2MiB / 7.317GiB,1.38%,6.36GB / 1.37GB,6.33MB / 2.56MB
23:36:55,facultylens-perf-ai-service,0.09%,468.6MiB / 7.317GiB,6.25%,436kB / 96kB,326MB / 0B
23:36:55,facultylens-perf-nginx,1.65%,16.64MiB / 7.317GiB,0.22%,1.08GB / 1.09GB,8.34MB / 4.1kB
23:36:55,facultylens-perf-redis,2.47%,25.2MiB / 7.317GiB,0.34%,126MB / 1.8GB,35.2MB / 111MB
23:36:55,facultylens-perf-mysql,18.70%,932MiB / 7.317GiB,12.44%,195MB / 4.51GB,358MB / 731MB
23:37:02,facultylens-perf-scheduler,0.06%,32.3MiB / 7.317GiB,0.43%,1.88kB / 911B,0B / 709kB
23:37:02,facultylens-perf-worker,0.01%,44.03MiB / 7.317GiB,0.59%,609kB / 711kB,147kB / 709kB
23:37:02,facultylens-perf-app,39.24%,108.4MiB / 7.317GiB,1.45%,6.38GB / 1.38GB,6.33MB / 2.59MB
23:37:02,facultylens-perf-ai-service,0.09%,468.6MiB / 7.317GiB,6.25%,436kB / 96kB,326MB / 0B
23:37:02,facultylens-perf-nginx,1.70%,16.75MiB / 7.317GiB,0.22%,1.09GB / 1.1GB,8.34MB / 4.1kB
23:37:02,facultylens-perf-redis,2.44%,25.38MiB / 7.317GiB,0.34%,126MB / 1.82GB,35.2MB / 111MB
23:37:02,facultylens-perf-mysql,22.96%,932MiB / 7.317GiB,12.44%,196MB / 4.52GB,358MB / 737MB
23:37:09,facultylens-perf-scheduler,0.06%,32.3MiB / 7.317GiB,0.43%,1.88kB / 911B,0B / 709kB
23:37:09,facultylens-perf-worker,0.00%,44.03MiB / 7.317GiB,0.59%,610kB / 714kB,147kB / 709kB
23:37:09,facultylens-perf-app,42.41%,108.5MiB / 7.317GiB,1.45%,6.41GB / 1.4GB,6.33MB / 2.61MB
23:37:09,facultylens-perf-ai-service,0.09%,468.6MiB / 7.317GiB,6.25%,436kB / 96kB,326MB / 0B
23:37:09,facultylens-perf-nginx,1.87%,16.65MiB / 7.317GiB,0.22%,1.1GB / 1.11GB,8.34MB / 4.1kB
23:37:09,facultylens-perf-redis,2.50%,25.36MiB / 7.317GiB,0.34%,127MB / 1.85GB,35.3MB / 111MB
23:37:09,facultylens-perf-mysql,25.49%,932MiB / 7.317GiB,12.44%,198MB / 4.52GB,358MB / 743MB
23:37:16,facultylens-perf-scheduler,0.07%,32.3MiB / 7.317GiB,0.43%,1.88kB / 911B,0B / 709kB
23:37:16,facultylens-perf-worker,0.01%,44.03MiB / 7.317GiB,0.59%,610kB / 718kB,147kB / 709kB
23:37:16,facultylens-perf-app,46.92%,108.4MiB / 7.317GiB,1.45%,6.44GB / 1.41GB,6.33MB / 2.62MB
23:37:16,facultylens-perf-ai-service,0.09%,468.6MiB / 7.317GiB,6.25%,436kB / 96kB,326MB / 0B
23:37:16,facultylens-perf-nginx,2.07%,16.69MiB / 7.317GiB,0.22%,1.11GB / 1.13GB,8.34MB / 4.1kB
23:37:16,facultylens-perf-redis,2.98%,24.92MiB / 7.317GiB,0.33%,127MB / 1.87GB,35.3MB / 111MB
23:37:16,facultylens-perf-mysql,27.76%,932.4MiB / 7.317GiB,12.44%,199MB / 4.53GB,358MB / 751MB
23:37:24,facultylens-perf-scheduler,0.06%,32.3MiB / 7.317GiB,0.43%,1.88kB / 911B,0B / 709kB
23:37:24,facultylens-perf-worker,0.01%,44.03MiB / 7.317GiB,0.59%,611kB / 721kB,147kB / 709kB
23:37:24,facultylens-perf-app,33.08%,106.9MiB / 7.317GiB,1.43%,6.46GB / 1.42GB,6.33MB / 2.65MB
23:37:24,facultylens-perf-ai-service,0.09%,468.6MiB / 7.317GiB,6.25%,436kB / 96kB,326MB / 0B
23:37:24,facultylens-perf-nginx,1.57%,16.66MiB / 7.317GiB,0.22%,1.12GB / 1.14GB,8.34MB / 4.1kB
23:37:24,facultylens-perf-redis,2.18%,24.93MiB / 7.317GiB,0.33%,128MB / 1.89GB,35.3MB / 111MB
23:37:24,facultylens-perf-mysql,19.84%,932.4MiB / 7.317GiB,12.44%,200MB / 4.53GB,358MB / 757MB
23:37:31,facultylens-perf-scheduler,0.06%,32.3MiB / 7.317GiB,0.43%,1.88kB / 911B,0B / 709kB
23:37:31,facultylens-perf-worker,0.00%,44.03MiB / 7.317GiB,0.59%,611kB / 724kB,147kB / 709kB
23:37:31,facultylens-perf-app,38.38%,106.3MiB / 7.317GiB,1.42%,6.49GB / 1.44GB,6.33MB / 2.68MB
23:37:31,facultylens-perf-ai-service,0.09%,468.6MiB / 7.317GiB,6.25%,436kB / 96kB,326MB / 0B
23:37:31,facultylens-perf-nginx,1.54%,16.64MiB / 7.317GiB,0.22%,1.14GB / 1.15GB,8.34MB / 4.1kB
23:37:31,facultylens-perf-redis,4.44%,25.34MiB / 7.317GiB,0.34%,128MB / 1.91GB,35.3MB / 111MB
23:37:31,facultylens-perf-mysql,18.90%,932.2MiB / 7.317GiB,12.44%,202MB / 4.53GB,358MB / 765MB
23:37:38,facultylens-perf-scheduler,0.06%,32.3MiB / 7.317GiB,0.43%,1.88kB / 911B,0B / 709kB
23:37:38,facultylens-perf-worker,0.00%,44.03MiB / 7.317GiB,0.59%,612kB / 728kB,147kB / 709kB
23:37:38,facultylens-perf-app,38.91%,110.7MiB / 7.317GiB,1.48%,6.52GB / 1.45GB,6.33MB / 2.7MB
23:37:38,facultylens-perf-ai-service,0.10%,468.6MiB / 7.317GiB,6.25%,436kB / 96kB,326MB / 0B
23:37:38,facultylens-perf-nginx,3.86%,16.93MiB / 7.317GiB,0.23%,1.15GB / 1.16GB,8.34MB / 4.1kB
23:37:38,facultylens-perf-redis,2.39%,25.38MiB / 7.317GiB,0.34%,129MB / 1.94GB,35.4MB / 111MB
23:37:38,facultylens-perf-mysql,20.94%,932.4MiB / 7.317GiB,12.45%,203MB / 4.54GB,358MB / 771MB
23:37:45,facultylens-perf-scheduler,0.06%,32.3MiB / 7.317GiB,0.43%,1.88kB / 911B,0B / 709kB
23:37:45,facultylens-perf-worker,0.00%,44.03MiB / 7.317GiB,0.59%,612kB / 731kB,147kB / 709kB
23:37:45,facultylens-perf-app,43.87%,109MiB / 7.317GiB,1.45%,6.55GB / 1.47GB,6.33MB / 2.72MB
23:37:45,facultylens-perf-ai-service,0.10%,468.6MiB / 7.317GiB,6.25%,436kB / 96kB,326MB / 0B
23:37:45,facultylens-perf-nginx,2.02%,16.65MiB / 7.317GiB,0.22%,1.16GB / 1.18GB,8.34MB / 4.1kB
23:37:45,facultylens-perf-redis,2.52%,25.39MiB / 7.317GiB,0.34%,129MB / 1.96GB,35.4MB / 111MB
23:37:45,facultylens-perf-mysql,23.59%,932.3MiB / 7.317GiB,12.44%,205MB / 4.54GB,358MB / 778MB
23:37:53,facultylens-perf-scheduler,0.06%,32.3MiB / 7.317GiB,0.43%,1.88kB / 911B,0B / 709kB
23:37:53,facultylens-perf-worker,0.00%,44.03MiB / 7.317GiB,0.59%,613kB / 734kB,147kB / 709kB
23:37:53,facultylens-perf-app,51.37%,107.7MiB / 7.317GiB,1.44%,6.57GB / 1.48GB,6.33MB / 2.74MB
23:37:53,facultylens-perf-ai-service,0.11%,468.6MiB / 7.317GiB,6.25%,436kB / 96kB,326MB / 0B
23:37:53,facultylens-perf-nginx,2.18%,16.68MiB / 7.317GiB,0.22%,1.17GB / 1.19GB,8.34MB / 4.1kB
23:37:53,facultylens-perf-redis,2.95%,26.43MiB / 7.317GiB,0.35%,131MB / 1.98GB,35.4MB / 112MB
23:37:53,facultylens-perf-mysql,27.38%,932.7MiB / 7.317GiB,12.45%,206MB / 4.55GB,358MB / 784MB
23:38:00,facultylens-perf-scheduler,0.07%,32.3MiB / 7.317GiB,0.43%,1.88kB / 911B,0B / 709kB
23:38:00,facultylens-perf-worker,15.80%,44.03MiB / 7.317GiB,0.59%,614kB / 739kB,147kB / 709kB
23:38:00,facultylens-perf-app,32.39%,108.3MiB / 7.317GiB,1.45%,6.6GB / 1.5GB,6.33MB / 2.77MB
23:38:00,facultylens-perf-ai-service,0.09%,468.6MiB / 7.317GiB,6.25%,436kB / 96kB,326MB / 0B
23:38:00,facultylens-perf-nginx,1.46%,17.14MiB / 7.317GiB,0.23%,1.18GB / 1.2GB,8.34MB / 4.1kB
23:38:00,facultylens-perf-redis,2.18%,27.69MiB / 7.317GiB,0.37%,133MB / 2GB,35.5MB / 114MB
23:38:00,facultylens-perf-mysql,18.85%,932.8MiB / 7.317GiB,12.45%,208MB / 4.55GB,358MB / 792MB
23:38:07,facultylens-perf-scheduler,0.06%,32.3MiB / 7.317GiB,0.43%,1.88kB / 911B,0B / 709kB
23:38:07,facultylens-perf-worker,0.07%,44.03MiB / 7.317GiB,0.59%,615kB / 746kB,147kB / 709kB
23:38:07,facultylens-perf-app,33.58%,105MiB / 7.317GiB,1.40%,6.63GB / 1.51GB,6.33MB / 2.79MB
23:38:07,facultylens-perf-ai-service,0.09%,468.6MiB / 7.317GiB,6.25%,436kB / 96kB,326MB / 0B
23:38:07,facultylens-perf-nginx,1.47%,16.68MiB / 7.317GiB,0.22%,1.2GB / 1.21GB,8.34MB / 4.1kB
23:38:07,facultylens-perf-redis,2.71%,24.76MiB / 7.317GiB,0.33%,135MB / 2.02GB,35.5MB / 115MB
23:38:07,facultylens-perf-mysql,21.05%,932.4MiB / 7.317GiB,12.44%,209MB / 4.56GB,358MB / 798MB
23:38:14,facultylens-perf-scheduler,0.07%,32.3MiB / 7.317GiB,0.43%,1.88kB / 911B,0B / 709kB
23:38:14,facultylens-perf-worker,0.00%,44.03MiB / 7.317GiB,0.59%,615kB / 746kB,147kB / 709kB
23:38:14,facultylens-perf-app,36.23%,105.8MiB / 7.317GiB,1.41%,6.65GB / 1.53GB,6.33MB / 2.81MB
23:38:14,facultylens-perf-ai-service,0.10%,468.6MiB / 7.317GiB,6.25%,436kB / 96kB,326MB / 0B
23:38:14,facultylens-perf-nginx,1.46%,16.91MiB / 7.317GiB,0.23%,1.21GB / 1.23GB,8.34MB / 4.1kB
23:38:14,facultylens-perf-redis,2.15%,25.49MiB / 7.317GiB,0.34%,135MB / 2.04GB,35.5MB / 116MB
23:38:14,facultylens-perf-mysql,19.54%,932.7MiB / 7.317GiB,12.45%,211MB / 4.56GB,358MB / 804MB
23:38:22,facultylens-perf-scheduler,0.06%,32.3MiB / 7.317GiB,0.43%,1.88kB / 911B,0B / 709kB
23:38:22,facultylens-perf-worker,0.06%,44.03MiB / 7.317GiB,0.59%,617kB / 753kB,147kB / 709kB
23:38:22,facultylens-perf-app,43.34%,107.2MiB / 7.317GiB,1.43%,6.68GB / 1.54GB,6.33MB / 2.83MB
23:38:22,facultylens-perf-ai-service,0.09%,468.6MiB / 7.317GiB,6.25%,436kB / 96kB,326MB / 0B
23:38:22,facultylens-perf-nginx,1.63%,16.65MiB / 7.317GiB,0.22%,1.22GB / 1.24GB,8.34MB / 4.1kB
23:38:22,facultylens-perf-redis,4.66%,25.84MiB / 7.317GiB,0.34%,136MB / 2.06GB,35.5MB / 118MB
23:38:22,facultylens-perf-mysql,26.11%,932.4MiB / 7.317GiB,12.45%,212MB / 4.57GB,358MB / 811MB
23:38:29,facultylens-perf-scheduler,0.07%,32.3MiB / 7.317GiB,0.43%,1.88kB / 911B,0B / 709kB
23:38:29,facultylens-perf-worker,0.07%,44.03MiB / 7.317GiB,0.59%,617kB / 756kB,147kB / 709kB
23:38:29,facultylens-perf-app,47.67%,106.3MiB / 7.317GiB,1.42%,6.71GB / 1.56GB,6.33MB / 2.86MB
23:38:29,facultylens-perf-ai-service,3.35%,468.6MiB / 7.317GiB,6.25%,436kB / 96kB,326MB / 0B
23:38:29,facultylens-perf-nginx,2.10%,16.65MiB / 7.317GiB,0.22%,1.23GB / 1.25GB,8.34MB / 4.1kB
23:38:29,facultylens-perf-redis,2.99%,25.45MiB / 7.317GiB,0.34%,137MB / 2.09GB,35.6MB / 119MB
23:38:29,facultylens-perf-mysql,25.90%,932.7MiB / 7.317GiB,12.45%,213MB / 4.58GB,358MB / 816MB
23:38:36,facultylens-perf-scheduler,0.06%,32.3MiB / 7.317GiB,0.43%,1.88kB / 911B,0B / 709kB
23:38:36,facultylens-perf-worker,0.00%,44.03MiB / 7.317GiB,0.59%,618kB / 760kB,147kB / 709kB
23:38:36,facultylens-perf-app,45.24%,106.5MiB / 7.317GiB,1.42%,6.75GB / 1.57GB,6.33MB / 2.88MB
23:38:36,facultylens-perf-ai-service,0.10%,468.6MiB / 7.317GiB,6.25%,436kB / 96kB,326MB / 0B
23:38:36,facultylens-perf-nginx,1.76%,16.65MiB / 7.317GiB,0.22%,1.25GB / 1.26GB,8.34MB / 4.1kB
23:38:36,facultylens-perf-redis,2.66%,25.51MiB / 7.317GiB,0.34%,138MB / 2.1GB,35.6MB / 119MB
23:38:36,facultylens-perf-mysql,26.61%,932.8MiB / 7.317GiB,12.45%,215MB / 4.59GB,358MB / 823MB
23:38:43,facultylens-perf-scheduler,0.07%,32.3MiB / 7.317GiB,0.43%,1.88kB / 911B,0B / 709kB
23:38:43,facultylens-perf-worker,0.00%,44.03MiB / 7.317GiB,0.59%,618kB / 763kB,147kB / 709kB
23:38:43,facultylens-perf-app,43.86%,109.2MiB / 7.317GiB,1.46%,6.77GB / 1.58GB,6.33MB / 2.9MB
23:38:43,facultylens-perf-ai-service,0.10%,468.6MiB / 7.317GiB,6.25%,436kB / 96kB,326MB / 0B
23:38:43,facultylens-perf-nginx,1.71%,16.65MiB / 7.317GiB,0.22%,1.26GB / 1.27GB,8.34MB / 4.1kB
23:38:43,facultylens-perf-redis,2.41%,25.23MiB / 7.317GiB,0.34%,138MB / 2.13GB,35.6MB / 119MB
23:38:43,facultylens-perf-mysql,26.50%,932.6MiB / 7.317GiB,12.45%,217MB / 4.6GB,358MB / 829MB
23:38:51,facultylens-perf-scheduler,0.06%,32.3MiB / 7.317GiB,0.43%,1.88kB / 911B,0B / 709kB
23:38:51,facultylens-perf-worker,0.00%,44.03MiB / 7.317GiB,0.59%,619kB / 766kB,147kB / 709kB
23:38:51,facultylens-perf-app,39.85%,109.7MiB / 7.317GiB,1.46%,6.81GB / 1.6GB,6.33MB / 2.93MB
23:38:51,facultylens-perf-ai-service,0.08%,468.6MiB / 7.317GiB,6.25%,436kB / 96kB,326MB / 0B
23:38:51,facultylens-perf-nginx,1.44%,16.66MiB / 7.317GiB,0.22%,1.27GB / 1.29GB,8.34MB / 4.1kB
23:38:51,facultylens-perf-redis,2.51%,25.41MiB / 7.317GiB,0.34%,139MB / 2.15GB,35.7MB / 119MB
23:38:51,facultylens-perf-mysql,20.73%,932.6MiB / 7.317GiB,12.45%,219MB / 4.61GB,358MB / 835MB
23:38:58,facultylens-perf-scheduler,13.75%,32.3MiB / 7.317GiB,0.43%,1.88kB / 911B,0B / 709kB
23:38:58,facultylens-perf-worker,0.00%,44.03MiB / 7.317GiB,0.59%,619kB / 770kB,147kB / 709kB
23:38:58,facultylens-perf-app,39.80%,108.3MiB / 7.317GiB,1.45%,6.85GB / 1.61GB,6.33MB / 2.95MB
23:38:58,facultylens-perf-ai-service,0.09%,468.6MiB / 7.317GiB,6.25%,436kB / 96kB,326MB / 0B
23:38:58,facultylens-perf-nginx,2.22%,16.87MiB / 7.317GiB,0.23%,1.28GB / 1.3GB,8.34MB / 4.1kB
23:38:58,facultylens-perf-redis,2.15%,24.49MiB / 7.317GiB,0.33%,140MB / 2.17GB,35.7MB / 120MB
23:38:58,facultylens-perf-mysql,39.64%,932.9MiB / 7.317GiB,12.45%,220MB / 4.62GB,358MB / 839MB
23:39:05,facultylens-perf-scheduler,0.06%,32.3MiB / 7.317GiB,0.43%,1.88kB / 911B,0B / 709kB
23:39:05,facultylens-perf-worker,0.00%,44.03MiB / 7.317GiB,0.59%,621kB / 775kB,147kB / 709kB
23:39:05,facultylens-perf-app,88.50%,135.5MiB / 7.317GiB,1.81%,6.9GB / 1.63GB,6.33MB / 2.97MB
23:39:05,facultylens-perf-ai-service,0.09%,468.6MiB / 7.317GiB,6.25%,436kB / 96kB,326MB / 0B
23:39:05,facultylens-perf-nginx,2.01%,16.65MiB / 7.317GiB,0.22%,1.3GB / 1.31GB,8.34MB / 4.1kB
23:39:05,facultylens-perf-redis,2.74%,24.49MiB / 7.317GiB,0.33%,140MB / 2.19GB,35.7MB / 120MB
23:39:05,facultylens-perf-mysql,58.88%,932.8MiB / 7.317GiB,12.45%,222MB / 4.65GB,358MB / 849MB
23:39:13,facultylens-perf-scheduler,0.06%,32.3MiB / 7.317GiB,0.43%,1.88kB / 911B,0B / 709kB
23:39:13,facultylens-perf-worker,0.00%,44.03MiB / 7.317GiB,0.59%,621kB / 778kB,147kB / 709kB
23:39:13,facultylens-perf-app,53.04%,163.2MiB / 7.317GiB,2.18%,7.08GB / 1.64GB,6.33MB / 2.99MB
23:39:13,facultylens-perf-ai-service,0.11%,468.6MiB / 7.317GiB,6.25%,436kB / 96kB,326MB / 0B
23:39:13,facultylens-perf-nginx,1.12%,16.95MiB / 7.317GiB,0.23%,1.31GB / 1.32GB,8.34MB / 4.1kB
23:39:13,facultylens-perf-redis,1.80%,25.22MiB / 7.317GiB,0.34%,143MB / 2.21GB,35.8MB / 122MB
23:39:13,facultylens-perf-mysql,59.72%,933.3MiB / 7.317GiB,12.46%,225MB / 4.81GB,358MB / 854MB
23:39:20,facultylens-perf-scheduler,0.06%,32.3MiB / 7.317GiB,0.43%,1.88kB / 911B,0B / 709kB
23:39:20,facultylens-perf-worker,0.00%,44.03MiB / 7.317GiB,0.59%,622kB / 781kB,147kB / 709kB
23:39:20,facultylens-perf-app,41.82%,107.7MiB / 7.317GiB,1.44%,7.2GB / 1.66GB,6.33MB / 3.01MB
23:39:20,facultylens-perf-ai-service,0.10%,468.6MiB / 7.317GiB,6.25%,436kB / 96kB,326MB / 0B
23:39:20,facultylens-perf-nginx,1.86%,16.66MiB / 7.317GiB,0.22%,1.32GB / 1.34GB,8.34MB / 4.1kB
23:39:20,facultylens-perf-redis,3.64%,25.02MiB / 7.317GiB,0.33%,145MB / 2.23GB,35.8MB / 123MB
23:39:20,facultylens-perf-mysql,23.03%,933.3MiB / 7.317GiB,12.46%,228MB / 4.91GB,358MB / 860MB
23:39:27,facultylens-perf-scheduler,0.06%,32.3MiB / 7.317GiB,0.43%,1.88kB / 911B,0B / 709kB
23:39:27,facultylens-perf-worker,0.00%,44.03MiB / 7.317GiB,0.59%,622kB / 785kB,147kB / 709kB
23:39:27,facultylens-perf-app,48.65%,109.4MiB / 7.317GiB,1.46%,7.23GB / 1.67GB,6.33MB / 3.04MB
23:39:27,facultylens-perf-ai-service,0.10%,468.6MiB / 7.317GiB,6.25%,436kB / 96kB,326MB / 0B
23:39:27,facultylens-perf-nginx,1.85%,16.65MiB / 7.317GiB,0.22%,1.33GB / 1.35GB,8.34MB / 4.1kB
23:39:27,facultylens-perf-redis,2.73%,24.12MiB / 7.317GiB,0.32%,146MB / 2.25GB,35.8MB / 124MB
23:39:27,facultylens-perf-mysql,31.50%,933.6MiB / 7.317GiB,12.46%,230MB / 4.93GB,358MB / 866MB
23:39:34,facultylens-perf-scheduler,0.07%,32.3MiB / 7.317GiB,0.43%,1.88kB / 911B,0B / 709kB
23:39:34,facultylens-perf-worker,0.00%,44.03MiB / 7.317GiB,0.59%,623kB / 788kB,147kB / 709kB
23:39:34,facultylens-perf-app,68.82%,111.7MiB / 7.317GiB,1.49%,7.27GB / 1.69GB,6.33MB / 3.06MB
23:39:34,facultylens-perf-ai-service,0.10%,468.6MiB / 7.317GiB,6.25%,436kB / 96kB,326MB / 0B
23:39:34,facultylens-perf-nginx,2.69%,16.95MiB / 7.317GiB,0.23%,1.34GB / 1.36GB,8.34MB / 4.1kB
23:39:34,facultylens-perf-redis,3.76%,25.79MiB / 7.317GiB,0.34%,147MB / 2.27GB,35.8MB / 124MB
23:39:34,facultylens-perf-mysql,37.53%,933.4MiB / 7.317GiB,12.46%,231MB / 4.94GB,358MB / 874MB
23:39:42,facultylens-perf-scheduler,0.06%,32.3MiB / 7.317GiB,0.43%,1.88kB / 911B,0B / 709kB
23:39:42,facultylens-perf-worker,0.00%,44.03MiB / 7.317GiB,0.59%,624kB / 792kB,147kB / 709kB
23:39:42,facultylens-perf-app,40.79%,111.3MiB / 7.317GiB,1.49%,7.3GB / 1.7GB,6.33MB / 3.09MB
23:39:42,facultylens-perf-ai-service,0.10%,468.6MiB / 7.317GiB,6.25%,436kB / 96kB,326MB / 0B
23:39:42,facultylens-perf-nginx,1.46%,16.7MiB / 7.317GiB,0.22%,1.35GB / 1.37GB,8.34MB / 4.1kB
23:39:42,facultylens-perf-redis,2.30%,25.25MiB / 7.317GiB,0.34%,147MB / 2.29GB,35.9MB / 124MB
23:39:42,facultylens-perf-mysql,22.67%,933.5MiB / 7.317GiB,12.46%,233MB / 4.96GB,358MB / 881MB
23:39:49,facultylens-perf-scheduler,0.06%,32.3MiB / 7.317GiB,0.43%,1.88kB / 911B,0B / 709kB
23:39:49,facultylens-perf-worker,0.00%,44.03MiB / 7.317GiB,0.59%,624kB / 795kB,147kB / 709kB
23:39:49,facultylens-perf-app,20.53%,111.5MiB / 7.317GiB,1.49%,7.34GB / 1.72GB,6.33MB / 3.1MB
23:39:49,facultylens-perf-ai-service,0.09%,468.6MiB / 7.317GiB,6.25%,436kB / 96kB,326MB / 0B
23:39:49,facultylens-perf-nginx,0.78%,16.68MiB / 7.317GiB,0.22%,1.37GB / 1.39GB,8.34MB / 4.1kB
23:39:49,facultylens-perf-redis,1.33%,25.18MiB / 7.317GiB,0.34%,148MB / 2.31GB,35.9MB / 125MB
23:39:49,facultylens-perf-mysql,14.28%,933.8MiB / 7.317GiB,12.46%,235MB / 4.97GB,358MB / 887MB
23:39:56,facultylens-perf-scheduler,0.07%,32.3MiB / 7.317GiB,0.43%,1.88kB / 911B,0B / 709kB
23:39:56,facultylens-perf-worker,0.00%,44.03MiB / 7.317GiB,0.59%,625kB / 798kB,147kB / 709kB
23:39:56,facultylens-perf-app,50.46%,115.3MiB / 7.317GiB,1.54%,7.39GB / 1.73GB,6.33MB / 3.13MB
23:39:56,facultylens-perf-ai-service,0.10%,468.6MiB / 7.317GiB,6.25%,436kB / 96kB,326MB / 0B
23:39:56,facultylens-perf-nginx,1.70%,16.69MiB / 7.317GiB,0.22%,1.38GB / 1.4GB,8.34MB / 4.1kB
23:39:56,facultylens-perf-redis,2.36%,25.21MiB / 7.317GiB,0.34%,149MB / 2.34GB,35.9MB / 125MB
23:39:56,facultylens-perf-mysql,35.79%,933.3MiB / 7.317GiB,12.46%,237MB / 5GB,358MB / 893MB
23:40:04,facultylens-perf-scheduler,0.06%,32.3MiB / 7.317GiB,0.43%,1.88kB / 911B,0B / 709kB
23:40:04,facultylens-perf-worker,0.00%,44.03MiB / 7.317GiB,0.59%,626kB / 803kB,147kB / 709kB
23:40:04,facultylens-perf-app,65.18%,114.9MiB / 7.317GiB,1.53%,7.43GB / 1.75GB,6.33MB / 3.15MB
23:40:04,facultylens-perf-ai-service,0.11%,468.6MiB / 7.317GiB,6.25%,436kB / 96kB,326MB / 0B
23:40:04,facultylens-perf-nginx,1.44%,16.77MiB / 7.317GiB,0.22%,1.39GB / 1.41GB,8.34MB / 4.1kB
23:40:04,facultylens-perf-redis,2.97%,24.68MiB / 7.317GiB,0.33%,150MB / 2.36GB,36MB / 126MB
23:40:04,facultylens-perf-mysql,36.88%,933.8MiB / 7.317GiB,12.46%,239MB / 5.02GB,358MB / 901MB
23:40:11,facultylens-perf-scheduler,0.08%,32.3MiB / 7.317GiB,0.43%,1.88kB / 911B,0B / 709kB
23:40:11,facultylens-perf-worker,0.00%,44.03MiB / 7.317GiB,0.59%,627kB / 807kB,147kB / 709kB
23:40:11,facultylens-perf-app,63.54%,112.3MiB / 7.317GiB,1.50%,7.47GB / 1.76GB,6.33MB / 3.17MB
23:40:11,facultylens-perf-ai-service,0.09%,468.6MiB / 7.317GiB,6.25%,436kB / 96kB,326MB / 0B
23:40:11,facultylens-perf-nginx,2.62%,16.71MiB / 7.317GiB,0.22%,1.4GB / 1.42GB,8.34MB / 4.1kB
23:40:11,facultylens-perf-redis,6.28%,25.23MiB / 7.317GiB,0.34%,151MB / 2.38GB,36MB / 126MB
23:40:11,facultylens-perf-mysql,18.70%,933.6MiB / 7.317GiB,12.46%,240MB / 5.04GB,358MB / 905MB
23:40:18,facultylens-perf-scheduler,0.07%,32.3MiB / 7.317GiB,0.43%,1.88kB / 911B,0B / 709kB
23:40:18,facultylens-perf-worker,0.00%,44.03MiB / 7.317GiB,0.59%,627kB / 810kB,147kB / 709kB
23:40:18,facultylens-perf-app,50.82%,115MiB / 7.317GiB,1.54%,7.52GB / 1.78GB,6.33MB / 3.19MB
23:40:18,facultylens-perf-ai-service,0.09%,468.6MiB / 7.317GiB,6.25%,436kB / 96kB,326MB / 0B
23:40:18,facultylens-perf-nginx,1.65%,16.92MiB / 7.317GiB,0.23%,1.42GB / 1.44GB,8.34MB / 4.1kB
23:40:18,facultylens-perf-redis,2.46%,25.1MiB / 7.317GiB,0.34%,152MB / 2.4GB,36MB / 127MB
23:40:18,facultylens-perf-mysql,31.60%,933.5MiB / 7.317GiB,12.46%,243MB / 5.06GB,358MB / 914MB
23:40:25,facultylens-perf-scheduler,0.06%,32.3MiB / 7.317GiB,0.43%,1.88kB / 911B,0B / 709kB
23:40:25,facultylens-perf-worker,0.00%,44.03MiB / 7.317GiB,0.59%,628kB / 813kB,147kB / 709kB
23:40:25,facultylens-perf-app,39.56%,117.2MiB / 7.317GiB,1.56%,7.56GB / 1.79GB,6.33MB / 3.22MB
23:40:25,facultylens-perf-ai-service,0.09%,468.6MiB / 7.317GiB,6.25%,436kB / 96kB,326MB / 0B
23:40:25,facultylens-perf-nginx,1.17%,16.66MiB / 7.317GiB,0.22%,1.43GB / 1.45GB,8.34MB / 4.1kB
23:40:25,facultylens-perf-redis,1.84%,25.11MiB / 7.317GiB,0.34%,153MB / 2.42GB,36.1MB / 127MB
23:40:25,facultylens-perf-mysql,28.38%,934.5MiB / 7.317GiB,12.47%,245MB / 5.08GB,358MB / 920MB
23:40:33,facultylens-perf-scheduler,0.06%,32.3MiB / 7.317GiB,0.43%,1.88kB / 911B,0B / 709kB
23:40:33,facultylens-perf-worker,0.01%,44.03MiB / 7.317GiB,0.59%,628kB / 817kB,147kB / 709kB
23:40:33,facultylens-perf-app,56.24%,111.6MiB / 7.317GiB,1.49%,7.6GB / 1.8GB,6.33MB / 3.24MB
23:40:33,facultylens-perf-ai-service,0.11%,468.6MiB / 7.317GiB,6.25%,436kB / 96kB,326MB / 0B
23:40:33,facultylens-perf-nginx,2.27%,16.93MiB / 7.317GiB,0.23%,1.44GB / 1.46GB,8.34MB / 4.1kB
23:40:33,facultylens-perf-redis,2.12%,25MiB / 7.317GiB,0.33%,154MB / 2.44GB,36.1MB / 128MB
23:40:33,facultylens-perf-mysql,33.43%,933.8MiB / 7.317GiB,12.46%,247MB / 5.1GB,358MB / 928MB
23:40:40,facultylens-perf-scheduler,0.06%,32.3MiB / 7.317GiB,0.43%,1.88kB / 911B,0B / 709kB
23:40:40,facultylens-perf-worker,0.01%,44.03MiB / 7.317GiB,0.59%,629kB / 820kB,147kB / 709kB
23:40:40,facultylens-perf-app,43.81%,110MiB / 7.317GiB,1.47%,7.64GB / 1.82GB,6.33MB / 3.26MB
23:40:40,facultylens-perf-ai-service,0.11%,468.6MiB / 7.317GiB,6.25%,436kB / 96kB,326MB / 0B
23:40:40,facultylens-perf-nginx,1.77%,16.66MiB / 7.317GiB,0.22%,1.45GB / 1.47GB,8.34MB / 4.1kB
23:40:40,facultylens-perf-redis,2.49%,25.11MiB / 7.317GiB,0.34%,155MB / 2.46GB,36.1MB / 128MB
23:40:40,facultylens-perf-mysql,26.80%,934.1MiB / 7.317GiB,12.47%,248MB / 5.12GB,358MB / 934MB
23:40:47,facultylens-perf-scheduler,0.06%,32.3MiB / 7.317GiB,0.43%,1.88kB / 911B,0B / 709kB
23:40:47,facultylens-perf-worker,0.01%,44.03MiB / 7.317GiB,0.59%,629kB / 824kB,147kB / 709kB
23:40:47,facultylens-perf-app,50.17%,112.8MiB / 7.317GiB,1.51%,7.68GB / 1.83GB,6.33MB / 3.28MB
23:40:47,facultylens-perf-ai-service,0.09%,468.6MiB / 7.317GiB,6.25%,436kB / 96kB,326MB / 0B
23:40:47,facultylens-perf-nginx,1.90%,16.77MiB / 7.317GiB,0.22%,1.46GB / 1.48GB,8.34MB / 4.1kB
23:40:47,facultylens-perf-redis,1.58%,25.12MiB / 7.317GiB,0.34%,155MB / 2.48GB,36.1MB / 128MB
23:40:47,facultylens-perf-mysql,32.70%,933.9MiB / 7.317GiB,12.46%,250MB / 5.13GB,358MB / 939MB
23:40:55,facultylens-perf-scheduler,0.06%,32.3MiB / 7.317GiB,0.43%,1.88kB / 911B,0B / 709kB
23:40:55,facultylens-perf-worker,0.00%,44.03MiB / 7.317GiB,0.59%,630kB / 827kB,147kB / 709kB
23:40:55,facultylens-perf-app,44.52%,109.4MiB / 7.317GiB,1.46%,7.71GB / 1.85GB,6.33MB / 3.31MB
23:40:55,facultylens-perf-ai-service,0.09%,468.6MiB / 7.317GiB,6.25%,436kB / 96kB,326MB / 0B
23:40:55,facultylens-perf-nginx,1.83%,16.67MiB / 7.317GiB,0.22%,1.48GB / 1.5GB,8.34MB / 4.1kB
23:40:55,facultylens-perf-redis,2.57%,25.29MiB / 7.317GiB,0.34%,156MB / 2.51GB,36.2MB / 128MB
23:40:55,facultylens-perf-mysql,23.17%,934.1MiB / 7.317GiB,12.47%,252MB / 5.14GB,358MB / 946MB
23:41:02,facultylens-perf-scheduler,0.07%,32.3MiB / 7.317GiB,0.43%,1.88kB / 911B,0B / 709kB
23:41:02,facultylens-perf-worker,0.00%,44.03MiB / 7.317GiB,0.59%,631kB / 832kB,147kB / 709kB
23:41:02,facultylens-perf-app,22.93%,110.8MiB / 7.317GiB,1.48%,7.73GB / 1.86GB,6.33MB / 3.33MB
23:41:02,facultylens-perf-ai-service,0.09%,468.6MiB / 7.317GiB,6.25%,436kB / 96kB,326MB / 0B
23:41:02,facultylens-perf-nginx,0.88%,16.67MiB / 7.317GiB,0.22%,1.49GB / 1.51GB,8.34MB / 4.1kB
23:41:02,facultylens-perf-redis,1.44%,24.8MiB / 7.317GiB,0.33%,156MB / 2.53GB,36.2MB / 128MB
23:41:02,facultylens-perf-mysql,11.42%,933.9MiB / 7.317GiB,12.47%,253MB / 5.14GB,358MB / 951MB
23:41:09,facultylens-perf-scheduler,0.06%,32.3MiB / 7.317GiB,0.43%,1.88kB / 911B,0B / 709kB
23:41:09,facultylens-perf-worker,0.00%,44.03MiB / 7.317GiB,0.59%,632kB / 835kB,147kB / 709kB
23:41:09,facultylens-perf-app,57.82%,108.3MiB / 7.317GiB,1.45%,7.76GB / 1.88GB,6.33MB / 3.35MB
23:41:09,facultylens-perf-ai-service,0.10%,468.6MiB / 7.317GiB,6.25%,436kB / 96kB,326MB / 0B
23:41:09,facultylens-perf-nginx,2.40%,16.66MiB / 7.317GiB,0.22%,1.5GB / 1.52GB,8.34MB / 4.1kB
23:41:09,facultylens-perf-redis,3.42%,24.57MiB / 7.317GiB,0.33%,157MB / 2.55GB,36.2MB / 128MB
23:41:09,facultylens-perf-mysql,29.60%,934.2MiB / 7.317GiB,12.47%,255MB / 5.15GB,358MB / 957MB
23:41:16,facultylens-perf-scheduler,0.06%,32.3MiB / 7.317GiB,0.43%,1.88kB / 911B,0B / 709kB
23:41:16,facultylens-perf-worker,0.00%,44.03MiB / 7.317GiB,0.59%,633kB / 839kB,147kB / 709kB
23:41:16,facultylens-perf-app,38.13%,109.2MiB / 7.317GiB,1.46%,7.79GB / 1.89GB,6.33MB / 3.38MB
23:41:16,facultylens-perf-ai-service,0.10%,468.6MiB / 7.317GiB,6.25%,436kB / 96kB,326MB / 0B
23:41:16,facultylens-perf-nginx,1.60%,16.74MiB / 7.317GiB,0.22%,1.51GB / 1.53GB,8.34MB / 4.1kB
23:41:16,facultylens-perf-redis,2.35%,25.87MiB / 7.317GiB,0.35%,158MB / 2.58GB,36.3MB / 129MB
23:41:16,facultylens-perf-mysql,22.26%,934MiB / 7.317GiB,12.47%,256MB / 5.15GB,358MB / 965MB
23:41:24,facultylens-perf-scheduler,0.06%,32.3MiB / 7.317GiB,0.43%,1.88kB / 911B,0B / 709kB
23:41:24,facultylens-perf-worker,0.00%,44.03MiB / 7.317GiB,0.59%,633kB / 842kB,147kB / 709kB
23:41:24,facultylens-perf-app,42.60%,107.6MiB / 7.317GiB,1.44%,7.81GB / 1.9GB,6.33MB / 3.41MB
23:41:24,facultylens-perf-ai-service,0.09%,468.6MiB / 7.317GiB,6.25%,436kB / 96kB,326MB / 0B
23:41:24,facultylens-perf-nginx,1.84%,16.91MiB / 7.317GiB,0.23%,1.52GB / 1.55GB,8.34MB / 4.1kB
23:41:24,facultylens-perf-redis,2.56%,25.04MiB / 7.317GiB,0.33%,158MB / 2.59GB,36.3MB / 129MB
23:41:24,facultylens-perf-mysql,25.07%,934.3MiB / 7.317GiB,12.47%,257MB / 5.16GB,358MB / 971MB
23:41:31,facultylens-perf-scheduler,0.06%,32.3MiB / 7.317GiB,0.43%,1.88kB / 911B,0B / 709kB
23:41:31,facultylens-perf-worker,0.07%,44.03MiB / 7.317GiB,0.59%,634kB / 849kB,147kB / 709kB
23:41:31,facultylens-perf-app,42.47%,110.5MiB / 7.317GiB,1.48%,7.84GB / 1.92GB,6.33MB / 3.42MB
23:41:31,facultylens-perf-ai-service,0.09%,468.6MiB / 7.317GiB,6.25%,436kB / 96kB,326MB / 0B
23:41:31,facultylens-perf-nginx,1.81%,16.84MiB / 7.317GiB,0.22%,1.54GB / 1.56GB,8.34MB / 4.1kB
23:41:31,facultylens-perf-redis,5.00%,24.92MiB / 7.317GiB,0.33%,159MB / 2.62GB,36.3MB / 129MB
23:41:31,facultylens-perf-mysql,25.73%,933.8MiB / 7.317GiB,12.46%,259MB / 5.16GB,358MB / 976MB
23:41:38,facultylens-perf-scheduler,0.06%,32.3MiB / 7.317GiB,0.43%,1.88kB / 911B,0B / 709kB
23:41:38,facultylens-perf-worker,0.07%,44.03MiB / 7.317GiB,0.59%,635kB / 852kB,147kB / 709kB
23:41:38,facultylens-perf-app,25.07%,109.2MiB / 7.317GiB,1.46%,7.87GB / 1.93GB,6.33MB / 3.44MB
23:41:38,facultylens-perf-ai-service,0.09%,468.6MiB / 7.317GiB,6.25%,436kB / 96kB,326MB / 0B
23:41:38,facultylens-perf-nginx,3.18%,17.33MiB / 7.317GiB,0.23%,1.55GB / 1.57GB,8.34MB / 4.1kB
23:41:38,facultylens-perf-redis,2.11%,24.82MiB / 7.317GiB,0.33%,159MB / 2.64GB,36.3MB / 129MB
23:41:38,facultylens-perf-mysql,13.78%,933.8MiB / 7.317GiB,12.46%,260MB / 5.16GB,358MB / 982MB
23:41:45,facultylens-perf-scheduler,0.06%,32.3MiB / 7.317GiB,0.43%,1.88kB / 911B,0B / 709kB
23:41:45,facultylens-perf-worker,0.07%,44.03MiB / 7.317GiB,0.59%,635kB / 855kB,147kB / 709kB
23:41:45,facultylens-perf-app,51.61%,109.6MiB / 7.317GiB,1.46%,7.9GB / 1.95GB,6.33MB / 3.48MB
23:41:45,facultylens-perf-ai-service,0.09%,468.6MiB / 7.317GiB,6.25%,436kB / 96kB,326MB / 0B
23:41:45,facultylens-perf-nginx,2.62%,16.75MiB / 7.317GiB,0.22%,1.56GB / 1.58GB,8.34MB / 4.1kB
23:41:45,facultylens-perf-redis,3.11%,26.07MiB / 7.317GiB,0.35%,160MB / 2.66GB,36.4MB / 129MB
23:41:45,facultylens-perf-mysql,26.37%,934.4MiB / 7.317GiB,12.47%,262MB / 5.17GB,358MB / 989MB
23:41:53,facultylens-perf-scheduler,0.06%,32.3MiB / 7.317GiB,0.43%,1.88kB / 911B,0B / 709kB
23:41:53,facultylens-perf-worker,0.07%,44.03MiB / 7.317GiB,0.59%,636kB / 859kB,147kB / 709kB
23:41:53,facultylens-perf-app,39.96%,108.1MiB / 7.317GiB,1.44%,7.92GB / 1.96GB,6.33MB / 3.5MB
23:41:53,facultylens-perf-ai-service,0.10%,468.6MiB / 7.317GiB,6.25%,436kB / 96kB,326MB / 0B
23:41:53,facultylens-perf-nginx,1.62%,16.76MiB / 7.317GiB,0.22%,1.58GB / 1.6GB,8.34MB / 4.1kB
23:41:53,facultylens-perf-redis,2.36%,25.21MiB / 7.317GiB,0.34%,160MB / 2.69GB,36.4MB / 129MB
23:41:53,facultylens-perf-mysql,20.62%,934MiB / 7.317GiB,12.47%,263MB / 5.17GB,358MB / 995MB
23:42:00,facultylens-perf-scheduler,0.06%,32.3MiB / 7.317GiB,0.43%,1.88kB / 911B,0B / 709kB
23:42:00,facultylens-perf-worker,0.07%,44.04MiB / 7.317GiB,0.59%,637kB / 864kB,147kB / 709kB
23:42:00,facultylens-perf-app,39.15%,107.9MiB / 7.317GiB,1.44%,7.95GB / 1.97GB,6.33MB / 3.51MB
23:42:00,facultylens-perf-ai-service,0.09%,468.6MiB / 7.317GiB,6.25%,436kB / 96kB,326MB / 0B
23:42:00,facultylens-perf-nginx,1.80%,17.02MiB / 7.317GiB,0.23%,1.59GB / 1.61GB,8.34MB / 4.1kB
23:42:00,facultylens-perf-redis,2.49%,24.83MiB / 7.317GiB,0.33%,161MB / 2.71GB,36.4MB / 129MB
23:42:00,facultylens-perf-mysql,22.66%,934MiB / 7.317GiB,12.47%,265MB / 5.18GB,358MB / 1GB
23:42:07,facultylens-perf-scheduler,0.06%,32.3MiB / 7.317GiB,0.43%,1.88kB / 911B,0B / 709kB
23:42:07,facultylens-perf-worker,0.07%,44.03MiB / 7.317GiB,0.59%,638kB / 867kB,147kB / 709kB
23:42:07,facultylens-perf-app,44.84%,108.4MiB / 7.317GiB,1.45%,7.98GB / 1.99GB,6.33MB / 3.54MB
23:42:07,facultylens-perf-ai-service,0.11%,468.6MiB / 7.317GiB,6.25%,436kB / 96kB,326MB / 0B
23:42:07,facultylens-perf-nginx,2.01%,16.75MiB / 7.317GiB,0.22%,1.6GB / 1.62GB,8.34MB / 4.1kB
23:42:07,facultylens-perf-redis,2.68%,24.84MiB / 7.317GiB,0.33%,161MB / 2.73GB,36.5MB / 129MB
23:42:07,facultylens-perf-mysql,28.47%,934.5MiB / 7.317GiB,12.47%,266MB / 5.18GB,358MB / 1.01GB
23:42:14,facultylens-perf-scheduler,0.07%,32.3MiB / 7.317GiB,0.43%,1.88kB / 911B,0B / 709kB
23:42:14,facultylens-perf-worker,0.00%,44.03MiB / 7.317GiB,0.59%,638kB / 871kB,147kB / 709kB
23:42:14,facultylens-perf-app,22.29%,107.9MiB / 7.317GiB,1.44%,8GB / 2GB,6.33MB / 3.57MB
23:42:14,facultylens-perf-ai-service,0.09%,468.6MiB / 7.317GiB,6.25%,436kB / 96kB,326MB / 0B
23:42:14,facultylens-perf-nginx,1.87%,16.88MiB / 7.317GiB,0.23%,1.61GB / 1.63GB,8.34MB / 4.1kB
23:42:14,facultylens-perf-redis,1.63%,26.04MiB / 7.317GiB,0.35%,162MB / 2.75GB,36.5MB / 129MB
23:42:14,facultylens-perf-mysql,13.51%,934.3MiB / 7.317GiB,12.47%,267MB / 5.19GB,358MB / 1.01GB
23:42:22,facultylens-perf-scheduler,0.06%,32.3MiB / 7.317GiB,0.43%,1.88kB / 911B,0B / 709kB
23:42:22,facultylens-perf-worker,0.00%,44.03MiB / 7.317GiB,0.59%,639kB / 874kB,147kB / 709kB
23:42:22,facultylens-perf-app,47.32%,110.1MiB / 7.317GiB,1.47%,8.03GB / 2.02GB,6.33MB / 3.59MB
23:42:22,facultylens-perf-ai-service,0.10%,468.6MiB / 7.317GiB,6.25%,436kB / 96kB,326MB / 0B
23:42:22,facultylens-perf-nginx,2.21%,16.74MiB / 7.317GiB,0.22%,1.62GB / 1.65GB,8.34MB / 4.1kB
23:42:22,facultylens-perf-redis,5.57%,25.33MiB / 7.317GiB,0.34%,162MB / 2.77GB,36.5MB / 129MB
23:42:22,facultylens-perf-mysql,27.26%,934.1MiB / 7.317GiB,12.47%,269MB / 5.19GB,358MB / 1.02GB
23:42:29,facultylens-perf-scheduler,0.06%,32.3MiB / 7.317GiB,0.43%,1.88kB / 911B,0B / 709kB
23:42:29,facultylens-perf-worker,0.08%,44.03MiB / 7.317GiB,0.59%,639kB / 877kB,147kB / 709kB
23:42:29,facultylens-perf-app,35.13%,111.1MiB / 7.317GiB,1.48%,8.06GB / 2.03GB,6.33MB / 3.6MB
23:42:29,facultylens-perf-ai-service,3.12%,468.6MiB / 7.317GiB,6.25%,436kB / 96kB,326MB / 0B
23:42:29,facultylens-perf-nginx,2.06%,16.75MiB / 7.317GiB,0.22%,1.63GB / 1.66GB,8.34MB / 4.1kB
23:42:29,facultylens-perf-redis,2.04%,25.37MiB / 7.317GiB,0.34%,163MB / 2.8GB,36.6MB / 129MB
23:42:29,facultylens-perf-mysql,27.38%,934.2MiB / 7.317GiB,12.47%,270MB / 5.2GB,358MB / 1.03GB
23:42:36,facultylens-perf-scheduler,0.06%,32.3MiB / 7.317GiB,0.43%,1.88kB / 911B,0B / 709kB
23:42:36,facultylens-perf-worker,0.00%,44.03MiB / 7.317GiB,0.59%,640kB / 881kB,147kB / 709kB
23:42:36,facultylens-perf-app,40.67%,109.7MiB / 7.317GiB,1.46%,8.09GB / 2.04GB,6.33MB / 3.63MB
23:42:36,facultylens-perf-ai-service,0.11%,468.6MiB / 7.317GiB,6.25%,436kB / 96kB,326MB / 0B
23:42:36,facultylens-perf-nginx,1.86%,16.81MiB / 7.317GiB,0.22%,1.65GB / 1.67GB,8.34MB / 4.1kB
23:42:36,facultylens-perf-redis,2.63%,25.85MiB / 7.317GiB,0.35%,164MB / 2.82GB,36.6MB / 132MB
23:42:36,facultylens-perf-mysql,22.45%,934.4MiB / 7.317GiB,12.47%,272MB / 5.2GB,358MB / 1.03GB
23:42:44,facultylens-perf-scheduler,0.07%,32.3MiB / 7.317GiB,0.43%,1.88kB / 911B,0B / 709kB
23:42:44,facultylens-perf-worker,0.00%,44.03MiB / 7.317GiB,0.59%,641kB / 884kB,147kB / 709kB
23:42:44,facultylens-perf-app,48.89%,111.3MiB / 7.317GiB,1.48%,8.12GB / 2.06GB,6.33MB / 3.66MB
23:42:44,facultylens-perf-ai-service,0.09%,468.6MiB / 7.317GiB,6.25%,436kB / 96kB,326MB / 0B
23:42:44,facultylens-perf-nginx,1.99%,16.8MiB / 7.317GiB,0.22%,1.66GB / 1.68GB,8.34MB / 4.1kB
23:42:44,facultylens-perf-redis,2.76%,25.34MiB / 7.317GiB,0.34%,164MB / 2.84GB,36.6MB / 132MB
23:42:44,facultylens-perf-mysql,25.59%,935MiB / 7.317GiB,12.48%,273MB / 5.21GB,358MB / 1.04GB
23:42:51,facultylens-perf-scheduler,0.06%,32.3MiB / 7.317GiB,0.43%,1.88kB / 911B,0B / 709kB
23:42:51,facultylens-perf-worker,0.00%,44.03MiB / 7.317GiB,0.59%,641kB / 887kB,147kB / 709kB
23:42:51,facultylens-perf-app,23.54%,109.3MiB / 7.317GiB,1.46%,8.14GB / 2.07GB,6.33MB / 3.68MB
23:42:51,facultylens-perf-ai-service,0.09%,468.6MiB / 7.317GiB,6.25%,436kB / 96kB,326MB / 0B
23:42:51,facultylens-perf-nginx,0.92%,16.87MiB / 7.317GiB,0.23%,1.67GB / 1.7GB,8.34MB / 4.1kB
23:42:51,facultylens-perf-redis,1.51%,25.15MiB / 7.317GiB,0.34%,165MB / 2.86GB,36.6MB / 132MB
23:42:51,facultylens-perf-mysql,12.86%,934.8MiB / 7.317GiB,12.48%,275MB / 5.21GB,358MB / 1.05GB
23:42:58,facultylens-perf-scheduler,13.75%,32.29MiB / 7.317GiB,0.43%,1.88kB / 911B,0B / 709kB
23:42:58,facultylens-perf-worker,0.00%,44.03MiB / 7.317GiB,0.59%,642kB / 891kB,147kB / 709kB
23:42:58,facultylens-perf-app,58.49%,111.6MiB / 7.317GiB,1.49%,8.17GB / 2.09GB,6.33MB / 3.7MB
23:42:58,facultylens-perf-ai-service,0.10%,468.6MiB / 7.317GiB,6.25%,436kB / 96kB,326MB / 0B
23:42:58,facultylens-perf-nginx,2.26%,16.84MiB / 7.317GiB,0.22%,1.69GB / 1.71GB,8.34MB / 4.1kB
23:42:58,facultylens-perf-redis,2.58%,25.83MiB / 7.317GiB,0.34%,166MB / 2.88GB,36.7MB / 133MB
23:42:58,facultylens-perf-mysql,31.29%,934.8MiB / 7.317GiB,12.48%,276MB / 5.22GB,358MB / 1.05GB
23:43:05,facultylens-perf-scheduler,0.07%,32.29MiB / 7.317GiB,0.43%,1.88kB / 911B,0B / 709kB
23:43:05,facultylens-perf-worker,0.00%,44.03MiB / 7.317GiB,0.59%,643kB / 896kB,147kB / 709kB
23:43:05,facultylens-perf-app,38.55%,111.7MiB / 7.317GiB,1.49%,8.19GB / 2.1GB,6.33MB / 3.73MB
23:43:05,facultylens-perf-ai-service,0.09%,468.6MiB / 7.317GiB,6.25%,436kB / 96kB,326MB / 0B
23:43:05,facultylens-perf-nginx,1.73%,16.92MiB / 7.317GiB,0.23%,1.7GB / 1.72GB,8.34MB / 4.1kB
23:43:05,facultylens-perf-redis,2.31%,26.95MiB / 7.317GiB,0.36%,169MB / 2.9GB,36.7MB / 135MB
23:43:05,facultylens-perf-mysql,21.45%,935.1MiB / 7.317GiB,12.48%,278MB / 5.22GB,358MB / 1.06GB
23:43:13,facultylens-perf-scheduler,0.07%,32.29MiB / 7.317GiB,0.43%,1.88kB / 911B,0B / 709kB
23:43:13,facultylens-perf-worker,0.00%,44.03MiB / 7.317GiB,0.59%,644kB / 899kB,147kB / 709kB
23:43:13,facultylens-perf-app,45.62%,111MiB / 7.317GiB,1.48%,8.22GB / 2.12GB,6.33MB / 3.75MB
23:43:13,facultylens-perf-ai-service,0.11%,468.6MiB / 7.317GiB,6.25%,436kB / 96kB,326MB / 0B
23:43:13,facultylens-perf-nginx,1.93%,16.8MiB / 7.317GiB,0.22%,1.71GB / 1.73GB,8.34MB / 4.1kB
23:43:13,facultylens-perf-redis,3.84%,26.73MiB / 7.317GiB,0.36%,170MB / 2.92GB,36.7MB / 136MB
23:43:13,facultylens-perf-mysql,24.18%,934.9MiB / 7.317GiB,12.48%,279MB / 5.23GB,358MB / 1.07GB
23:43:20,facultylens-perf-scheduler,0.09%,32.29MiB / 7.317GiB,0.43%,1.88kB / 911B,0B / 709kB
23:43:20,facultylens-perf-worker,0.00%,44.03MiB / 7.317GiB,0.59%,644kB / 902kB,147kB / 709kB
23:43:20,facultylens-perf-app,43.12%,108MiB / 7.317GiB,1.44%,8.25GB / 2.13GB,6.33MB / 3.77MB
23:43:20,facultylens-perf-ai-service,0.10%,468.6MiB / 7.317GiB,6.25%,436kB / 96kB,326MB / 0B
23:43:20,facultylens-perf-nginx,1.90%,16.8MiB / 7.317GiB,0.22%,1.72GB / 1.75GB,8.34MB / 4.1kB
23:43:20,facultylens-perf-redis,2.69%,24.7MiB / 7.317GiB,0.33%,171MB / 2.95GB,36.8MB / 137MB
23:43:20,facultylens-perf-mysql,24.06%,934.5MiB / 7.317GiB,12.47%,281MB / 5.23GB,358MB / 1.07GB
23:43:27,facultylens-perf-scheduler,0.06%,32.29MiB / 7.317GiB,0.43%,1.88kB / 911B,0B / 709kB
23:43:27,facultylens-perf-worker,0.00%,44.03MiB / 7.317GiB,0.59%,645kB / 906kB,147kB / 709kB
23:43:27,facultylens-perf-app,24.77%,109.9MiB / 7.317GiB,1.47%,8.27GB / 2.15GB,6.33MB / 3.79MB
23:43:27,facultylens-perf-ai-service,0.09%,468.6MiB / 7.317GiB,6.25%,436kB / 96kB,326MB / 0B
23:43:27,facultylens-perf-nginx,0.98%,16.82MiB / 7.317GiB,0.22%,1.73GB / 1.76GB,8.34MB / 4.1kB
23:43:27,facultylens-perf-redis,1.57%,25.91MiB / 7.317GiB,0.35%,171MB / 2.97GB,36.8MB / 137MB
23:43:27,facultylens-perf-mysql,13.98%,934.5MiB / 7.317GiB,12.47%,282MB / 5.24GB,358MB / 1.08GB
23:43:34,facultylens-perf-scheduler,0.07%,32.29MiB / 7.317GiB,0.43%,1.88kB / 911B,0B / 709kB
23:43:34,facultylens-perf-worker,0.00%,44.03MiB / 7.317GiB,0.59%,645kB / 909kB,147kB / 709kB
23:43:34,facultylens-perf-app,54.07%,108.1MiB / 7.317GiB,1.44%,8.3GB / 2.16GB,6.33MB / 3.82MB
23:43:34,facultylens-perf-ai-service,0.09%,468.6MiB / 7.317GiB,6.25%,436kB / 96kB,326MB / 0B
23:43:34,facultylens-perf-nginx,2.33%,16.91MiB / 7.317GiB,0.23%,1.75GB / 1.77GB,8.34MB / 4.1kB
23:43:34,facultylens-perf-redis,3.08%,25.11MiB / 7.317GiB,0.34%,172MB / 2.99GB,36.8MB / 137MB
23:43:34,facultylens-perf-mysql,25.35%,935.1MiB / 7.317GiB,12.48%,284MB / 5.24GB,358MB / 1.08GB
23:43:42,facultylens-perf-scheduler,0.07%,32.29MiB / 7.317GiB,0.43%,1.88kB / 911B,0B / 709kB
23:43:42,facultylens-perf-worker,0.00%,44.03MiB / 7.317GiB,0.59%,646kB / 913kB,147kB / 709kB
23:43:42,facultylens-perf-app,39.36%,109.5MiB / 7.317GiB,1.46%,8.34GB / 2.17GB,6.33MB / 3.84MB
23:43:42,facultylens-perf-ai-service,0.09%,468.6MiB / 7.317GiB,6.25%,436kB / 96kB,326MB / 0B
23:43:42,facultylens-perf-nginx,1.76%,17.05MiB / 7.317GiB,0.23%,1.76GB / 1.78GB,8.34MB / 4.1kB
23:43:42,facultylens-perf-redis,5.06%,25.41MiB / 7.317GiB,0.34%,173MB / 3.01GB,36.8MB / 137MB
23:43:42,facultylens-perf-mysql,21.26%,934.6MiB / 7.317GiB,12.47%,285MB / 5.25GB,358MB / 1.09GB
23:43:49,facultylens-perf-scheduler,0.06%,32.29MiB / 7.317GiB,0.43%,1.88kB / 911B,0B / 709kB
23:43:49,facultylens-perf-worker,0.00%,44.03MiB / 7.317GiB,0.59%,646kB / 916kB,147kB / 709kB
23:43:49,facultylens-perf-app,47.06%,111.6MiB / 7.317GiB,1.49%,8.37GB / 2.19GB,6.33MB / 3.86MB
23:43:49,facultylens-perf-ai-service,0.11%,468.6MiB / 7.317GiB,6.25%,436kB / 96kB,326MB / 0B
23:43:49,facultylens-perf-nginx,1.88%,16.8MiB / 7.317GiB,0.22%,1.77GB / 1.79GB,8.34MB / 4.1kB
23:43:49,facultylens-perf-redis,2.73%,25.51MiB / 7.317GiB,0.34%,173MB / 3.04GB,36.9MB / 137MB
23:43:49,facultylens-perf-mysql,29.22%,934.6MiB / 7.317GiB,12.47%,287MB / 5.26GB,358MB / 1.1GB
23:43:56,facultylens-perf-scheduler,0.07%,32.29MiB / 7.317GiB,0.43%,1.88kB / 911B,0B / 709kB
23:43:56,facultylens-perf-worker,0.01%,44.03MiB / 7.317GiB,0.59%,647kB / 919kB,147kB / 709kB
23:43:56,facultylens-perf-app,46.35%,109.8MiB / 7.317GiB,1.47%,8.4GB / 2.2GB,6.33MB / 3.89MB
23:43:56,facultylens-perf-ai-service,0.09%,468.6MiB / 7.317GiB,6.25%,436kB / 96kB,326MB / 0B
23:43:56,facultylens-perf-nginx,2.02%,16.8MiB / 7.317GiB,0.22%,1.78GB / 1.81GB,8.34MB / 4.1kB
23:43:56,facultylens-perf-redis,2.71%,24.56MiB / 7.317GiB,0.33%,174MB / 3.06GB,36.9MB / 137MB
23:43:56,facultylens-perf-mysql,30.22%,934.9MiB / 7.317GiB,12.48%,288MB / 5.27GB,358MB / 1.1GB
23:44:04,facultylens-perf-scheduler,0.10%,32.29MiB / 7.317GiB,0.43%,1.88kB / 911B,0B / 709kB
23:44:04,facultylens-perf-worker,0.01%,44.04MiB / 7.317GiB,0.59%,648kB / 924kB,147kB / 709kB
23:44:04,facultylens-perf-app,34.49%,113.3MiB / 7.317GiB,1.51%,8.43GB / 2.22GB,6.33MB / 3.91MB
23:44:04,facultylens-perf-ai-service,0.08%,468.6MiB / 7.317GiB,6.25%,436kB / 96kB,326MB / 0B
23:44:04,facultylens-perf-nginx,1.25%,16.79MiB / 7.317GiB,0.22%,1.79GB / 1.82GB,8.34MB / 4.1kB
23:44:04,facultylens-perf-redis,2.77%,25.64MiB / 7.317GiB,0.34%,175MB / 3.07GB,36.9MB / 137MB
23:44:04,facultylens-perf-mysql,20.38%,934.7MiB / 7.317GiB,12.48%,290MB / 5.28GB,358MB / 1.11GB
23:44:11,facultylens-perf-scheduler,0.08%,32.29MiB / 7.317GiB,0.43%,1.88kB / 911B,0B / 709kB
23:44:11,facultylens-perf-worker,0.01%,44.04MiB / 7.317GiB,0.59%,649kB / 928kB,147kB / 709kB
23:44:11,facultylens-perf-app,107.73%,154.3MiB / 7.317GiB,2.06%,8.54GB / 2.23GB,6.33MB / 3.93MB
23:44:11,facultylens-perf-ai-service,0.08%,468.6MiB / 7.317GiB,6.25%,436kB / 96kB,326MB / 0B
23:44:11,facultylens-perf-nginx,2.49%,16.84MiB / 7.317GiB,0.22%,1.81GB / 1.83GB,8.34MB / 4.1kB
23:44:11,facultylens-perf-redis,3.56%,25.49MiB / 7.317GiB,0.34%,176MB / 3.1GB,37MB / 138MB
23:44:11,facultylens-perf-mysql,85.05%,935.1MiB / 7.317GiB,12.48%,292MB / 5.37GB,358MB / 1.12GB
23:44:18,facultylens-perf-scheduler,0.07%,32.29MiB / 7.317GiB,0.43%,1.88kB / 911B,0B / 709kB
23:44:18,facultylens-perf-worker,0.01%,44.04MiB / 7.317GiB,0.59%,650kB / 931kB,147kB / 709kB
23:44:18,facultylens-perf-app,60.03%,130.4MiB / 7.317GiB,1.74%,8.73GB / 2.25GB,6.33MB / 3.95MB
23:44:18,facultylens-perf-ai-service,0.09%,468.6MiB / 7.317GiB,6.25%,436kB / 96kB,326MB / 0B
23:44:18,facultylens-perf-nginx,1.95%,17.09MiB / 7.317GiB,0.23%,1.82GB / 1.84GB,8.34MB / 4.1kB
23:44:18,facultylens-perf-redis,2.84%,25.62MiB / 7.317GiB,0.34%,179MB / 3.11GB,37MB / 141MB
23:44:18,facultylens-perf-mysql,42.20%,934.9MiB / 7.317GiB,12.48%,295MB / 5.55GB,358MB / 1.12GB
23:44:25,facultylens-perf-scheduler,0.07%,32.29MiB / 7.317GiB,0.43%,1.88kB / 911B,0B / 709kB
23:44:25,facultylens-perf-worker,0.00%,44.04MiB / 7.317GiB,0.59%,650kB / 934kB,147kB / 709kB
23:44:25,facultylens-perf-app,14.89%,115MiB / 7.317GiB,1.54%,8.78GB / 2.26GB,6.33MB / 3.98MB
23:44:25,facultylens-perf-ai-service,0.10%,468.6MiB / 7.317GiB,6.25%,436kB / 96kB,326MB / 0B
23:44:25,facultylens-perf-nginx,2.29%,16.86MiB / 7.317GiB,0.22%,1.83GB / 1.85GB,8.34MB / 4.1kB
23:44:25,facultylens-perf-redis,1.01%,25.21MiB / 7.317GiB,0.34%,180MB / 3.14GB,37MB / 144MB
23:44:25,facultylens-perf-mysql,11.30%,935MiB / 7.317GiB,12.48%,297MB / 5.57GB,358MB / 1.13GB
23:44:33,facultylens-perf-scheduler,0.07%,32.29MiB / 7.317GiB,0.43%,1.88kB / 911B,0B / 709kB
23:44:33,facultylens-perf-worker,0.00%,44.04MiB / 7.317GiB,0.59%,651kB / 938kB,147kB / 709kB
23:44:33,facultylens-perf-app,39.59%,113.2MiB / 7.317GiB,1.51%,8.82GB / 2.28GB,6.33MB / 4MB
23:44:33,facultylens-perf-ai-service,0.10%,468.6MiB / 7.317GiB,6.25%,436kB / 96kB,326MB / 0B
23:44:33,facultylens-perf-nginx,1.73%,16.81MiB / 7.317GiB,0.22%,1.84GB / 1.87GB,8.34MB / 4.1kB
23:44:33,facultylens-perf-redis,2.51%,25.18MiB / 7.317GiB,0.34%,181MB / 3.16GB,37.1MB / 144MB
23:44:33,facultylens-perf-mysql,19.35%,935.3MiB / 7.317GiB,12.48%,299MB / 5.58GB,358MB / 1.14GB
23:44:40,facultylens-perf-scheduler,0.08%,32.29MiB / 7.317GiB,0.43%,1.88kB / 911B,0B / 709kB
23:44:40,facultylens-perf-worker,0.00%,44.04MiB / 7.317GiB,0.59%,651kB / 941kB,147kB / 709kB
23:44:40,facultylens-perf-app,28.92%,112.9MiB / 7.317GiB,1.51%,8.85GB / 2.29GB,6.33MB / 4.01MB
23:44:40,facultylens-perf-ai-service,0.09%,468.6MiB / 7.317GiB,6.25%,436kB / 96kB,326MB / 0B
23:44:40,facultylens-perf-nginx,2.60%,16.8MiB / 7.317GiB,0.22%,1.86GB / 1.88GB,8.34MB / 4.1kB
23:44:40,facultylens-perf-redis,3.60%,25.25MiB / 7.317GiB,0.34%,182MB / 3.18GB,37.1MB / 145MB
23:44:40,facultylens-perf-mysql,42.75%,935.3MiB / 7.317GiB,12.48%,301MB / 5.6GB,358MB / 1.14GB
23:44:47,facultylens-perf-scheduler,0.07%,32.29MiB / 7.317GiB,0.43%,1.88kB / 911B,0B / 709kB
23:44:47,facultylens-perf-worker,0.00%,44.04MiB / 7.317GiB,0.59%,652kB / 945kB,147kB / 709kB
23:44:47,facultylens-perf-app,21.92%,112.3MiB / 7.317GiB,1.50%,8.88GB / 2.3GB,6.33MB / 4.04MB
23:44:47,facultylens-perf-ai-service,0.07%,468.6MiB / 7.317GiB,6.25%,436kB / 96kB,326MB / 0B
23:44:47,facultylens-perf-nginx,0.95%,16.8MiB / 7.317GiB,0.22%,1.86GB / 1.89GB,8.34MB / 4.1kB
23:44:47,facultylens-perf-redis,3.36%,24.84MiB / 7.317GiB,0.33%,183MB / 3.2GB,37.1MB / 145MB
23:44:47,facultylens-perf-mysql,11.71%,935.2MiB / 7.317GiB,12.48%,302MB / 5.61GB,358MB / 1.15GB
23:44:55,facultylens-perf-scheduler,0.07%,32.29MiB / 7.317GiB,0.43%,1.88kB / 911B,0B / 709kB
23:44:55,facultylens-perf-worker,0.00%,44.04MiB / 7.317GiB,0.59%,652kB / 948kB,147kB / 709kB
23:44:55,facultylens-perf-app,33.03%,114.3MiB / 7.317GiB,1.53%,8.92GB / 2.32GB,6.33MB / 4.07MB
23:44:55,facultylens-perf-ai-service,0.08%,468.6MiB / 7.317GiB,6.25%,436kB / 96kB,326MB / 0B
23:44:55,facultylens-perf-nginx,1.26%,16.79MiB / 7.317GiB,0.22%,1.88GB / 1.9GB,8.34MB / 4.1kB
23:44:55,facultylens-perf-redis,1.96%,24.76MiB / 7.317GiB,0.33%,183MB / 3.22GB,37.1MB / 145MB
23:44:55,facultylens-perf-mysql,20.03%,935.5MiB / 7.317GiB,12.49%,304MB / 5.63GB,358MB / 1.15GB
23:45:02,facultylens-perf-scheduler,0.07%,32.29MiB / 7.317GiB,0.43%,1.88kB / 911B,0B / 709kB
23:45:02,facultylens-perf-worker,0.07%,44.04MiB / 7.317GiB,0.59%,654kB / 956kB,147kB / 709kB
23:45:02,facultylens-perf-app,23.96%,112.4MiB / 7.317GiB,1.50%,8.97GB / 2.34GB,6.33MB / 4.09MB
23:45:02,facultylens-perf-ai-service,0.08%,468.6MiB / 7.317GiB,6.25%,436kB / 96kB,326MB / 0B
23:45:02,facultylens-perf-nginx,0.84%,16.8MiB / 7.317GiB,0.22%,1.89GB / 1.92GB,8.34MB / 4.1kB
23:45:02,facultylens-perf-redis,3.80%,24.71MiB / 7.317GiB,0.33%,184MB / 3.24GB,37.2MB / 146MB
23:45:02,facultylens-perf-mysql,18.75%,935.8MiB / 7.317GiB,12.49%,306MB / 5.65GB,358MB / 1.16GB
23:45:09,facultylens-perf-scheduler,0.08%,32.29MiB / 7.317GiB,0.43%,1.88kB / 911B,0B / 709kB
23:45:09,facultylens-perf-worker,0.08%,44.03MiB / 7.317GiB,0.59%,655kB / 960kB,147kB / 709kB
23:45:09,facultylens-perf-app,60.78%,111MiB / 7.317GiB,1.48%,9.01GB / 2.35GB,6.33MB / 4.11MB
23:45:09,facultylens-perf-ai-service,0.11%,468.6MiB / 7.317GiB,6.25%,436kB / 96kB,326MB / 0B
23:45:09,facultylens-perf-nginx,4.29%,16.85MiB / 7.317GiB,0.22%,1.9GB / 1.93GB,8.34MB / 4.1kB
23:45:09,facultylens-perf-redis,3.02%,24.95MiB / 7.317GiB,0.33%,185MB / 3.26GB,37.2MB / 146MB
23:45:09,facultylens-perf-mysql,36.64%,935.3MiB / 7.317GiB,12.48%,308MB / 5.66GB,358MB / 1.17GB
23:45:16,facultylens-perf-scheduler,0.07%,32.29MiB / 7.317GiB,0.43%,1.88kB / 911B,0B / 709kB
23:45:16,facultylens-perf-worker,0.00%,44.03MiB / 7.317GiB,0.59%,655kB / 960kB,147kB / 709kB
23:45:16,facultylens-perf-app,71.01%,116.3MiB / 7.317GiB,1.55%,9.05GB / 2.37GB,6.33MB / 4.14MB
23:45:16,facultylens-perf-ai-service,0.09%,468.6MiB / 7.317GiB,6.25%,436kB / 96kB,326MB / 0B
23:45:16,facultylens-perf-nginx,2.63%,16.89MiB / 7.317GiB,0.23%,1.92GB / 1.94GB,8.34MB / 4.1kB
23:45:16,facultylens-perf-redis,3.39%,24.37MiB / 7.317GiB,0.33%,186MB / 3.29GB,37.2MB / 146MB
23:45:16,facultylens-perf-mysql,37.40%,935.6MiB / 7.317GiB,12.49%,310MB / 5.69GB,358MB / 1.17GB
23:45:24,facultylens-perf-scheduler,0.07%,32.29MiB / 7.317GiB,0.43%,1.88kB / 911B,0B / 709kB
23:45:24,facultylens-perf-worker,0.00%,44.03MiB / 7.317GiB,0.59%,656kB / 966kB,147kB / 709kB
23:45:24,facultylens-perf-app,33.78%,108.9MiB / 7.317GiB,1.45%,9.09GB / 2.38GB,6.33MB / 4.16MB
23:45:24,facultylens-perf-ai-service,0.10%,468.6MiB / 7.317GiB,6.25%,436kB / 96kB,326MB / 0B
23:45:24,facultylens-perf-nginx,1.48%,16.81MiB / 7.317GiB,0.22%,1.93GB / 1.95GB,8.34MB / 4.1kB
23:45:24,facultylens-perf-redis,2.20%,24.63MiB / 7.317GiB,0.33%,187MB / 3.31GB,37.3MB / 147MB
23:45:24,facultylens-perf-mysql,20.30%,935.4MiB / 7.317GiB,12.48%,312MB / 5.71GB,358MB / 1.18GB
23:45:31,facultylens-perf-scheduler,0.07%,32.29MiB / 7.317GiB,0.43%,1.88kB / 911B,0B / 709kB
23:45:31,facultylens-perf-worker,0.00%,44.03MiB / 7.317GiB,0.59%,657kB / 970kB,147kB / 709kB
23:45:31,facultylens-perf-app,59.44%,111.6MiB / 7.317GiB,1.49%,9.14GB / 2.4GB,6.33MB / 4.18MB
23:45:31,facultylens-perf-ai-service,0.09%,468.6MiB / 7.317GiB,6.25%,436kB / 96kB,326MB / 0B
23:45:31,facultylens-perf-nginx,2.15%,16.81MiB / 7.317GiB,0.22%,1.94GB / 1.97GB,8.34MB / 4.1kB
23:45:31,facultylens-perf-redis,2.99%,24.58MiB / 7.317GiB,0.33%,188MB / 3.33GB,37.3MB / 147MB
23:45:31,facultylens-perf-mysql,36.56%,935.5MiB / 7.317GiB,12.49%,314MB / 5.73GB,358MB / 1.19GB
23:45:38,facultylens-perf-scheduler,0.06%,32.29MiB / 7.317GiB,0.43%,1.88kB / 911B,0B / 709kB
23:45:38,facultylens-perf-worker,0.00%,44.03MiB / 7.317GiB,0.59%,657kB / 973kB,147kB / 709kB
23:45:38,facultylens-perf-app,35.63%,111.8MiB / 7.317GiB,1.49%,9.18GB / 2.41GB,6.33MB / 4.2MB
23:45:38,facultylens-perf-ai-service,0.10%,468.6MiB / 7.317GiB,6.25%,436kB / 96kB,326MB / 0B
23:45:38,facultylens-perf-nginx,3.48%,17.02MiB / 7.317GiB,0.23%,1.95GB / 1.98GB,8.34MB / 4.1kB
23:45:38,facultylens-perf-redis,1.75%,25.08MiB / 7.317GiB,0.33%,189MB / 3.35GB,37.3MB / 148MB
23:45:38,facultylens-perf-mysql,27.52%,936MiB / 7.317GiB,12.49%,316MB / 5.75GB,358MB / 1.19GB
23:45:45,facultylens-perf-scheduler,0.07%,32.29MiB / 7.317GiB,0.43%,1.88kB / 911B,0B / 709kB
23:45:45,facultylens-perf-worker,0.00%,44.03MiB / 7.317GiB,0.59%,658kB / 977kB,147kB / 709kB
23:45:45,facultylens-perf-app,44.10%,109.7MiB / 7.317GiB,1.46%,9.22GB / 2.42GB,6.33MB / 4.23MB
23:45:45,facultylens-perf-ai-service,0.10%,468.6MiB / 7.317GiB,6.25%,436kB / 96kB,326MB / 0B
23:45:45,facultylens-perf-nginx,1.65%,16.82MiB / 7.317GiB,0.22%,1.96GB / 1.99GB,8.34MB / 4.1kB
23:45:45,facultylens-perf-redis,2.46%,24.82MiB / 7.317GiB,0.33%,189MB / 3.37GB,37.3MB / 148MB
23:45:45,facultylens-perf-mysql,25.85%,935.8MiB / 7.317GiB,12.49%,318MB / 5.77GB,358MB / 1.2GB
23:45:53,facultylens-perf-scheduler,0.06%,32.29MiB / 7.317GiB,0.43%,1.88kB / 911B,0B / 709kB
23:45:53,facultylens-perf-worker,0.00%,44.03MiB / 7.317GiB,0.59%,658kB / 980kB,147kB / 709kB
23:45:53,facultylens-perf-app,61.19%,108.1MiB / 7.317GiB,1.44%,9.26GB / 2.44GB,6.33MB / 4.25MB
23:45:53,facultylens-perf-ai-service,0.09%,468.6MiB / 7.317GiB,6.25%,436kB / 96kB,326MB / 0B
23:45:53,facultylens-perf-nginx,2.21%,16.84MiB / 7.317GiB,0.22%,1.98GB / 2GB,8.34MB / 4.1kB
23:45:53,facultylens-perf-redis,3.12%,25.37MiB / 7.317GiB,0.34%,190MB / 3.39GB,37.4MB / 148MB
23:45:53,facultylens-perf-mysql,31.73%,935.6MiB / 7.317GiB,12.49%,320MB / 5.79GB,358MB / 1.21GB
23:46:00,facultylens-perf-scheduler,0.06%,32.3MiB / 7.317GiB,0.43%,1.88kB / 911B,0B / 709kB
23:46:00,facultylens-perf-worker,16.04%,44.03MiB / 7.317GiB,0.59%,660kB / 985kB,147kB / 709kB
23:46:00,facultylens-perf-app,48.29%,111.4MiB / 7.317GiB,1.49%,9.3GB / 2.45GB,6.33MB / 4.27MB
23:46:00,facultylens-perf-ai-service,0.08%,468.6MiB / 7.317GiB,6.25%,436kB / 96kB,326MB / 0B
23:46:00,facultylens-perf-nginx,1.42%,16.8MiB / 7.317GiB,0.22%,1.99GB / 2.01GB,8.34MB / 4.1kB
23:46:00,facultylens-perf-redis,2.05%,25.66MiB / 7.317GiB,0.34%,191MB / 3.41GB,37.4MB / 149MB
23:46:00,facultylens-perf-mysql,27.03%,935.6MiB / 7.317GiB,12.49%,321MB / 5.8GB,358MB / 1.21GB
23:46:07,facultylens-perf-scheduler,0.07%,32.3MiB / 7.317GiB,0.43%,1.88kB / 911B,0B / 709kB
23:46:07,facultylens-perf-worker,0.00%,44.03MiB / 7.317GiB,0.59%,660kB / 988kB,147kB / 709kB
23:46:07,facultylens-perf-app,40.22%,107.8MiB / 7.317GiB,1.44%,9.33GB / 2.47GB,6.33MB / 4.3MB
23:46:07,facultylens-perf-ai-service,0.09%,468.6MiB / 7.317GiB,6.25%,436kB / 96kB,326MB / 0B
23:46:07,facultylens-perf-nginx,1.98%,17.02MiB / 7.317GiB,0.23%,2GB / 2.03GB,8.34MB / 4.1kB
23:46:07,facultylens-perf-redis,2.42%,25.17MiB / 7.317GiB,0.34%,192MB / 3.44GB,37.4MB / 149MB
23:46:07,facultylens-perf-mysql,22.51%,935.7MiB / 7.317GiB,12.49%,323MB / 5.81GB,358MB / 1.22GB
23:46:15,facultylens-perf-scheduler,0.07%,32.3MiB / 7.317GiB,0.43%,1.88kB / 911B,0B / 709kB
23:46:15,facultylens-perf-worker,0.00%,44.03MiB / 7.317GiB,0.59%,661kB / 992kB,147kB / 709kB
23:46:15,facultylens-perf-app,32.88%,109.5MiB / 7.317GiB,1.46%,9.35GB / 2.48GB,6.33MB / 4.32MB
23:46:15,facultylens-perf-ai-service,0.10%,468.6MiB / 7.317GiB,6.25%,436kB / 96kB,326MB / 0B
23:46:15,facultylens-perf-nginx,1.35%,16.87MiB / 7.317GiB,0.23%,2.01GB / 2.04GB,8.34MB / 4.1kB
23:46:15,facultylens-perf-redis,1.97%,25.23MiB / 7.317GiB,0.34%,192MB / 3.46GB,37.5MB / 149MB
23:46:15,facultylens-perf-mysql,27.86%,935.9MiB / 7.317GiB,12.49%,324MB / 5.81GB,358MB / 1.22GB
23:46:22,facultylens-perf-scheduler,0.06%,32.3MiB / 7.317GiB,0.43%,1.88kB / 911B,0B / 709kB
23:46:22,facultylens-perf-worker,0.00%,44.03MiB / 7.317GiB,0.59%,661kB / 995kB,147kB / 709kB
23:46:22,facultylens-perf-app,49.72%,108.9MiB / 7.317GiB,1.45%,9.38GB / 2.5GB,6.33MB / 4.34MB
23:46:22,facultylens-perf-ai-service,0.09%,468.6MiB / 7.317GiB,6.25%,436kB / 96kB,326MB / 0B
23:46:22,facultylens-perf-nginx,2.07%,16.8MiB / 7.317GiB,0.22%,2.03GB / 2.05GB,8.34MB / 4.1kB
23:46:22,facultylens-perf-redis,5.22%,25.21MiB / 7.317GiB,0.34%,193MB / 3.48GB,37.5MB / 149MB
23:46:22,facultylens-perf-mysql,25.98%,935.7MiB / 7.317GiB,12.49%,326MB / 5.82GB,358MB / 1.23GB
23:46:29,facultylens-perf-scheduler,0.06%,32.3MiB / 7.317GiB,0.43%,1.88kB / 911B,0B / 709kB
23:46:29,facultylens-perf-worker,0.00%,44.03MiB / 7.317GiB,0.59%,662kB / 998kB,147kB / 709kB
23:46:29,facultylens-perf-app,50.39%,105.9MiB / 7.317GiB,1.41%,9.41GB / 2.51GB,6.33MB / 4.37MB
23:46:29,facultylens-perf-ai-service,3.17%,468.6MiB / 7.317GiB,6.25%,436kB / 96kB,326MB / 0B
23:46:29,facultylens-perf-nginx,2.14%,16.81MiB / 7.317GiB,0.22%,2.04GB / 2.07GB,8.34MB / 4.1kB
23:46:29,facultylens-perf-redis,3.02%,25.53MiB / 7.317GiB,0.34%,193MB / 3.5GB,37.5MB / 149MB
23:46:29,facultylens-perf-mysql,30.26%,935.8MiB / 7.317GiB,12.49%,327MB / 5.82GB,358MB / 1.24GB
23:46:36,facultylens-perf-scheduler,0.07%,32.3MiB / 7.317GiB,0.43%,1.88kB / 911B,0B / 709kB
23:46:36,facultylens-perf-worker,0.00%,44.03MiB / 7.317GiB,0.59%,662kB / 1MB,147kB / 709kB
23:46:36,facultylens-perf-app,37.35%,107.4MiB / 7.317GiB,1.43%,9.43GB / 2.52GB,6.33MB / 4.39MB
23:46:36,facultylens-perf-ai-service,0.12%,468.6MiB / 7.317GiB,6.25%,436kB / 96kB,326MB / 0B
23:46:36,facultylens-perf-nginx,1.55%,16.81MiB / 7.317GiB,0.22%,2.05GB / 2.08GB,8.34MB / 4.1kB
23:46:36,facultylens-perf-redis,2.27%,25.29MiB / 7.317GiB,0.34%,194MB / 3.52GB,37.6MB / 149MB
23:46:36,facultylens-perf-mysql,22.35%,936.3MiB / 7.317GiB,12.50%,329MB / 5.83GB,358MB / 1.24GB
23:46:44,facultylens-perf-scheduler,0.07%,32.3MiB / 7.317GiB,0.43%,1.88kB / 911B,0B / 709kB
23:46:44,facultylens-perf-worker,0.00%,44.03MiB / 7.317GiB,0.59%,663kB / 1.01MB,147kB / 709kB
23:46:44,facultylens-perf-app,44.08%,105.6MiB / 7.317GiB,1.41%,9.46GB / 2.54GB,6.33MB / 4.41MB
23:46:44,facultylens-perf-ai-service,0.09%,468.6MiB / 7.317GiB,6.25%,436kB / 96kB,326MB / 0B
23:46:44,facultylens-perf-nginx,1.82%,16.83MiB / 7.317GiB,0.22%,2.06GB / 2.09GB,8.34MB / 4.1kB
23:46:44,facultylens-perf-redis,2.54%,25MiB / 7.317GiB,0.33%,194MB / 3.55GB,37.6MB / 149MB
23:46:44,facultylens-perf-mysql,21.56%,935.8MiB / 7.317GiB,12.49%,330MB / 5.83GB,358MB / 1.25GB
23:46:51,facultylens-perf-scheduler,0.08%,32.3MiB / 7.317GiB,0.43%,1.88kB / 911B,0B / 709kB
23:46:51,facultylens-perf-worker,0.00%,44.03MiB / 7.317GiB,0.59%,664kB / 1.01MB,147kB / 709kB
23:46:51,facultylens-perf-app,34.48%,107.2MiB / 7.317GiB,1.43%,9.49GB / 2.55GB,6.33MB / 4.43MB
23:46:51,facultylens-perf-ai-service,0.11%,468.6MiB / 7.317GiB,6.25%,436kB / 96kB,326MB / 0B
23:46:51,facultylens-perf-nginx,1.43%,16.83MiB / 7.317GiB,0.22%,2.07GB / 2.1GB,8.34MB / 4.1kB
23:46:51,facultylens-perf-redis,2.17%,24.35MiB / 7.317GiB,0.33%,195MB / 3.57GB,37.6MB / 152MB
23:46:51,facultylens-perf-mysql,19.51%,935.9MiB / 7.317GiB,12.49%,332MB / 5.84GB,358MB / 1.25GB
23:46:58,facultylens-perf-scheduler,13.79%,32.29MiB / 7.317GiB,0.43%,1.88kB / 911B,0B / 709kB
23:46:58,facultylens-perf-worker,0.00%,44.03MiB / 7.317GiB,0.59%,664kB / 1.01MB,147kB / 709kB
23:46:58,facultylens-perf-app,53.88%,108.8MiB / 7.317GiB,1.45%,9.52GB / 2.57GB,6.33MB / 4.46MB
23:46:58,facultylens-perf-ai-service,0.11%,468.6MiB / 7.317GiB,6.25%,436kB / 96kB,326MB / 0B
23:46:58,facultylens-perf-nginx,2.23%,16.81MiB / 7.317GiB,0.22%,2.09GB / 2.12GB,8.34MB / 4.1kB
23:46:58,facultylens-perf-redis,2.90%,25.17MiB / 7.317GiB,0.34%,196MB / 3.59GB,37.6MB / 152MB
23:46:58,facultylens-perf-mysql,28.08%,936.2MiB / 7.317GiB,12.50%,333MB / 5.84GB,358MB / 1.26GB
23:47:06,facultylens-perf-scheduler,0.06%,32.29MiB / 7.317GiB,0.43%,1.88kB / 911B,0B / 709kB
23:47:06,facultylens-perf-worker,0.00%,44.03MiB / 7.317GiB,0.59%,665kB / 1.02MB,147kB / 709kB
23:47:06,facultylens-perf-app,48.23%,106.8MiB / 7.317GiB,1.42%,9.55GB / 2.58GB,6.33MB / 4.48MB
23:47:06,facultylens-perf-ai-service,0.09%,468.6MiB / 7.317GiB,6.25%,436kB / 96kB,326MB / 0B
23:47:06,facultylens-perf-nginx,2.06%,17.06MiB / 7.317GiB,0.23%,2.1GB / 2.13GB,8.34MB / 4.1kB
23:47:06,facultylens-perf-redis,2.90%,25.48MiB / 7.317GiB,0.34%,196MB / 3.61GB,37.7MB / 152MB
23:47:06,facultylens-perf-mysql,22.55%,936MiB / 7.317GiB,12.49%,334MB / 5.85GB,358MB / 1.27GB
23:47:13,facultylens-perf-scheduler,0.07%,32.29MiB / 7.317GiB,0.43%,1.88kB / 911B,0B / 709kB
23:47:13,facultylens-perf-worker,0.00%,44.03MiB / 7.317GiB,0.59%,666kB / 1.02MB,147kB / 709kB
23:47:13,facultylens-perf-app,30.22%,108.2MiB / 7.317GiB,1.44%,9.57GB / 2.59GB,6.33MB / 4.5MB
23:47:13,facultylens-perf-ai-service,0.10%,468.6MiB / 7.317GiB,6.25%,436kB / 96kB,326MB / 0B
23:47:13,facultylens-perf-nginx,1.32%,16.8MiB / 7.317GiB,0.22%,2.11GB / 2.14GB,8.34MB / 4.1kB
23:47:13,facultylens-perf-redis,2.13%,24.8MiB / 7.317GiB,0.33%,197MB / 3.63GB,37.7MB / 152MB
23:47:13,facultylens-perf-mysql,15.74%,936MiB / 7.317GiB,12.49%,336MB / 5.85GB,358MB / 1.27GB
23:47:20,facultylens-perf-scheduler,0.06%,32.29MiB / 7.317GiB,0.43%,1.88kB / 911B,0B / 709kB
23:47:20,facultylens-perf-worker,0.00%,44.03MiB / 7.317GiB,0.59%,667kB / 1.02MB,147kB / 709kB
23:47:20,facultylens-perf-app,39.98%,104.7MiB / 7.317GiB,1.40%,9.6GB / 2.61GB,6.33MB / 4.52MB
23:47:20,facultylens-perf-ai-service,0.09%,468.6MiB / 7.317GiB,6.25%,436kB / 96kB,326MB / 0B
23:47:20,facultylens-perf-nginx,1.94%,16.8MiB / 7.317GiB,0.22%,2.12GB / 2.15GB,8.34MB / 4.1kB
23:47:20,facultylens-perf-redis,2.44%,25.71MiB / 7.317GiB,0.34%,197MB / 3.66GB,37.7MB / 152MB
23:47:20,facultylens-perf-mysql,22.15%,936MiB / 7.317GiB,12.49%,337MB / 5.85GB,358MB / 1.28GB
23:47:27,facultylens-perf-scheduler,0.07%,32.29MiB / 7.317GiB,0.43%,1.88kB / 911B,0B / 709kB
23:47:27,facultylens-perf-worker,0.01%,44.03MiB / 7.317GiB,0.59%,667kB / 1.03MB,147kB / 709kB
23:47:27,facultylens-perf-app,30.48%,104.8MiB / 7.317GiB,1.40%,9.63GB / 2.62GB,6.33MB / 4.55MB
23:47:27,facultylens-perf-ai-service,0.09%,468.6MiB / 7.317GiB,6.25%,436kB / 96kB,326MB / 0B
23:47:27,facultylens-perf-nginx,1.35%,17.04MiB / 7.317GiB,0.23%,2.14GB / 2.16GB,8.34MB / 4.1kB
23:47:27,facultylens-perf-redis,1.91%,25.17MiB / 7.317GiB,0.34%,198MB / 3.68GB,37.8MB / 152MB
23:47:27,facultylens-perf-mysql,17.00%,936.1MiB / 7.317GiB,12.49%,339MB / 5.86GB,358MB / 1.29GB
23:47:35,facultylens-perf-scheduler,0.07%,32.29MiB / 7.317GiB,0.43%,1.88kB / 911B,0B / 709kB
23:47:35,facultylens-perf-worker,0.01%,44.03MiB / 7.317GiB,0.59%,668kB / 1.03MB,147kB / 709kB
23:47:35,facultylens-perf-app,47.13%,104.7MiB / 7.317GiB,1.40%,9.65GB / 2.63GB,6.33MB / 4.57MB
23:47:35,facultylens-perf-ai-service,0.10%,468.6MiB / 7.317GiB,6.25%,436kB / 96kB,326MB / 0B
23:47:35,facultylens-perf-nginx,2.28%,16.8MiB / 7.317GiB,0.22%,2.15GB / 2.18GB,8.34MB / 4.1kB
23:47:35,facultylens-perf-redis,3.05%,25.21MiB / 7.317GiB,0.34%,198MB / 3.7GB,37.8MB / 152MB
23:47:35,facultylens-perf-mysql,27.36%,936.1MiB / 7.317GiB,12.49%,340MB / 5.86GB,358MB / 1.29GB
23:47:42,facultylens-perf-scheduler,0.06%,32.29MiB / 7.317GiB,0.43%,1.88kB / 911B,0B / 709kB
23:47:42,facultylens-perf-worker,0.01%,44.03MiB / 7.317GiB,0.59%,668kB / 1.03MB,147kB / 709kB
23:47:42,facultylens-perf-app,45.34%,106.7MiB / 7.317GiB,1.42%,9.68GB / 2.65GB,6.33MB / 4.59MB
23:47:42,facultylens-perf-ai-service,0.09%,468.6MiB / 7.317GiB,6.25%,436kB / 96kB,326MB / 0B
23:47:42,facultylens-perf-nginx,2.22%,17.02MiB / 7.317GiB,0.23%,2.16GB / 2.19GB,8.34MB / 4.1kB
23:47:42,facultylens-perf-redis,2.91%,25.08MiB / 7.317GiB,0.33%,199MB / 3.73GB,37.8MB / 152MB
23:47:42,facultylens-perf-mysql,25.99%,936.4MiB / 7.317GiB,12.50%,342MB / 5.87GB,358MB / 1.3GB
23:47:49,facultylens-perf-scheduler,0.06%,32.29MiB / 7.317GiB,0.43%,1.88kB / 911B,0B / 709kB
23:47:49,facultylens-perf-worker,0.01%,44.03MiB / 7.317GiB,0.59%,669kB / 1.04MB,147kB / 709kB
23:47:49,facultylens-perf-app,26.71%,105.1MiB / 7.317GiB,1.40%,9.71GB / 2.66GB,6.33MB / 4.61MB
23:47:49,facultylens-perf-ai-service,0.09%,468.6MiB / 7.317GiB,6.25%,436kB / 96kB,326MB / 0B
23:47:49,facultylens-perf-nginx,1.22%,16.96MiB / 7.317GiB,0.23%,2.17GB / 2.2GB,8.34MB / 4.1kB
23:47:49,facultylens-perf-redis,1.92%,25.59MiB / 7.317GiB,0.34%,199MB / 3.75GB,37.9MB / 153MB
23:47:49,facultylens-perf-mysql,18.78%,936.2MiB / 7.317GiB,12.50%,343MB / 5.87GB,358MB / 1.31GB
23:47:56,facultylens-perf-scheduler,0.06%,32.29MiB / 7.317GiB,0.43%,1.88kB / 911B,0B / 709kB
23:47:56,facultylens-perf-worker,0.00%,44.03MiB / 7.317GiB,0.59%,669kB / 1.04MB,147kB / 709kB
23:47:56,facultylens-perf-app,41.59%,108.6MiB / 7.317GiB,1.45%,9.74GB / 2.68GB,6.33MB / 4.64MB
23:47:56,facultylens-perf-ai-service,0.09%,468.6MiB / 7.317GiB,6.25%,436kB / 96kB,326MB / 0B
23:47:56,facultylens-perf-nginx,1.68%,16.88MiB / 7.317GiB,0.23%,2.19GB / 2.22GB,8.34MB / 4.1kB
23:47:56,facultylens-perf-redis,2.48%,26.4MiB / 7.317GiB,0.35%,201MB / 3.77GB,37.9MB / 153MB
23:47:56,facultylens-perf-mysql,22.65%,936.2MiB / 7.317GiB,12.50%,345MB / 5.88GB,358MB / 1.31GB
23:48:04,facultylens-perf-scheduler,0.06%,32.29MiB / 7.317GiB,0.43%,1.88kB / 911B,0B / 709kB
23:48:04,facultylens-perf-worker,0.00%,44.03MiB / 7.317GiB,0.59%,671kB / 1.05MB,147kB / 709kB
23:48:04,facultylens-perf-app,32.64%,106.5MiB / 7.317GiB,1.42%,9.76GB / 2.69GB,6.33MB / 4.66MB
23:48:04,facultylens-perf-ai-service,0.09%,468.6MiB / 7.317GiB,6.25%,436kB / 96kB,326MB / 0B
23:48:04,facultylens-perf-nginx,1.32%,16.82MiB / 7.317GiB,0.22%,2.2GB / 2.23GB,8.34MB / 4.1kB
23:48:04,facultylens-perf-redis,2.02%,26.43MiB / 7.317GiB,0.35%,203MB / 3.79GB,37.9MB / 156MB
23:48:04,facultylens-perf-mysql,18.23%,936.5MiB / 7.317GiB,12.50%,346MB / 5.88GB,358MB / 1.32GB
23:48:11,facultylens-perf-scheduler,0.07%,32.29MiB / 7.317GiB,0.43%,1.88kB / 911B,0B / 709kB
23:48:11,facultylens-perf-worker,0.00%,44.03MiB / 7.317GiB,0.59%,671kB / 1.05MB,147kB / 709kB
23:48:11,facultylens-perf-app,52.92%,110.2MiB / 7.317GiB,1.47%,9.79GB / 2.71GB,6.33MB / 4.68MB
23:48:11,facultylens-perf-ai-service,0.09%,468.6MiB / 7.317GiB,6.25%,436kB / 96kB,326MB / 0B
23:48:11,facultylens-perf-nginx,1.34%,17.07MiB / 7.317GiB,0.23%,2.21GB / 2.24GB,8.34MB / 4.1kB
23:48:11,facultylens-perf-redis,2.99%,28.07MiB / 7.317GiB,0.37%,206MB / 3.81GB,37.9MB / 157MB
23:48:11,facultylens-perf-mysql,27.18%,936.3MiB / 7.317GiB,12.50%,348MB / 5.89GB,358MB / 1.32GB
23:48:18,facultylens-perf-scheduler,0.08%,32.29MiB / 7.317GiB,0.43%,1.88kB / 911B,0B / 709kB
23:48:18,facultylens-perf-worker,0.00%,44.03MiB / 7.317GiB,0.59%,672kB / 1.05MB,147kB / 709kB
23:48:18,facultylens-perf-app,48.78%,104.9MiB / 7.317GiB,1.40%,9.81GB / 2.72GB,6.33MB / 4.71MB
23:48:18,facultylens-perf-ai-service,0.09%,468.6MiB / 7.317GiB,6.25%,436kB / 96kB,326MB / 0B
23:48:18,facultylens-perf-nginx,2.09%,16.83MiB / 7.317GiB,0.22%,2.22GB / 2.25GB,8.34MB / 4.1kB
23:48:18,facultylens-perf-redis,2.96%,26.11MiB / 7.317GiB,0.35%,207MB / 3.83GB,38MB / 158MB
23:48:18,facultylens-perf-mysql,23.36%,936.9MiB / 7.317GiB,12.50%,349MB / 5.89GB,358MB / 1.33GB
23:48:25,facultylens-perf-scheduler,0.10%,32.29MiB / 7.317GiB,0.43%,1.88kB / 911B,0B / 709kB
23:48:25,facultylens-perf-worker,0.10%,44.03MiB / 7.317GiB,0.59%,673kB / 1.06MB,147kB / 709kB
23:48:25,facultylens-perf-app,34.39%,108.1MiB / 7.317GiB,1.44%,9.84GB / 2.74GB,6.33MB / 4.73MB
23:48:25,facultylens-perf-ai-service,0.09%,468.6MiB / 7.317GiB,6.25%,436kB / 96kB,326MB / 0B
23:48:25,facultylens-perf-nginx,1.31%,16.82MiB / 7.317GiB,0.22%,2.23GB / 2.26GB,8.34MB / 4.1kB
23:48:25,facultylens-perf-redis,2.08%,25.86MiB / 7.317GiB,0.35%,207MB / 3.85GB,38MB / 158MB
23:48:25,facultylens-perf-mysql,17.57%,936.4MiB / 7.317GiB,12.50%,351MB / 5.9GB,358MB / 1.34GB
23:48:33,facultylens-perf-scheduler,0.07%,32.29MiB / 7.317GiB,0.43%,1.88kB / 911B,0B / 709kB
23:48:33,facultylens-perf-worker,0.00%,44.03MiB / 7.317GiB,0.59%,673kB / 1.06MB,147kB / 709kB
23:48:33,facultylens-perf-app,50.08%,106.5MiB / 7.317GiB,1.42%,9.87GB / 2.75GB,6.33MB / 4.75MB
23:48:33,facultylens-perf-ai-service,0.11%,468.6MiB / 7.317GiB,6.25%,436kB / 96kB,326MB / 0B
23:48:33,facultylens-perf-nginx,1.95%,16.81MiB / 7.317GiB,0.22%,2.25GB / 2.28GB,8.34MB / 4.1kB
23:48:33,facultylens-perf-redis,5.12%,25.23MiB / 7.317GiB,0.34%,208MB / 3.87GB,38MB / 158MB
23:48:33,facultylens-perf-mysql,24.23%,936.5MiB / 7.317GiB,12.50%,352MB / 5.9GB,358MB / 1.34GB
23:48:40,facultylens-perf-scheduler,0.09%,32.29MiB / 7.317GiB,0.43%,1.88kB / 911B,0B / 709kB
23:48:40,facultylens-perf-worker,0.00%,44.03MiB / 7.317GiB,0.59%,674kB / 1.06MB,147kB / 709kB
23:48:40,facultylens-perf-app,31.33%,106.4MiB / 7.317GiB,1.42%,9.9GB / 2.77GB,6.33MB / 4.78MB
23:48:40,facultylens-perf-ai-service,0.08%,468.6MiB / 7.317GiB,6.25%,436kB / 96kB,326MB / 0B
23:48:40,facultylens-perf-nginx,1.31%,16.81MiB / 7.317GiB,0.22%,2.26GB / 2.29GB,8.34MB / 4.1kB
23:48:40,facultylens-perf-redis,1.98%,25.9MiB / 7.317GiB,0.35%,209MB / 3.9GB,38.1MB / 159MB
23:48:40,facultylens-perf-mysql,17.36%,936.5MiB / 7.317GiB,12.50%,354MB / 5.91GB,358MB / 1.35GB
23:48:47,facultylens-perf-scheduler,0.07%,32.29MiB / 7.317GiB,0.43%,1.88kB / 911B,0B / 709kB
23:48:47,facultylens-perf-worker,0.00%,44.03MiB / 7.317GiB,0.59%,674kB / 1.07MB,147kB / 709kB
23:48:47,facultylens-perf-app,54.17%,106.8MiB / 7.317GiB,1.43%,9.92GB / 2.78GB,6.33MB / 4.8MB
23:48:47,facultylens-perf-ai-service,0.08%,468.6MiB / 7.317GiB,6.25%,436kB / 96kB,326MB / 0B
23:48:47,facultylens-perf-nginx,2.07%,16.84MiB / 7.317GiB,0.22%,2.27GB / 2.3GB,8.34MB / 4.1kB
23:48:47,facultylens-perf-redis,1.99%,26.28MiB / 7.317GiB,0.35%,209MB / 3.91GB,38.1MB / 159MB
23:48:47,facultylens-perf-mysql,26.78%,936.8MiB / 7.317GiB,12.50%,355MB / 5.91GB,358MB / 1.35GB
23:48:55,facultylens-perf-scheduler,0.07%,32.29MiB / 7.317GiB,0.43%,1.88kB / 911B,0B / 709kB
23:48:55,facultylens-perf-worker,0.00%,44.03MiB / 7.317GiB,0.59%,675kB / 1.07MB,147kB / 709kB
23:48:55,facultylens-perf-app,52.43%,109MiB / 7.317GiB,1.46%,9.96GB / 2.8GB,6.33MB / 4.82MB
23:48:55,facultylens-perf-ai-service,0.08%,468.6MiB / 7.317GiB,6.25%,436kB / 96kB,326MB / 0B
23:48:55,facultylens-perf-nginx,2.15%,16.82MiB / 7.317GiB,0.22%,2.28GB / 2.31GB,8.34MB / 4.1kB
23:48:55,facultylens-perf-redis,2.42%,25.79MiB / 7.317GiB,0.34%,210MB / 3.94GB,38.1MB / 159MB
23:48:55,facultylens-perf-mysql,25.67%,936.6MiB / 7.317GiB,12.50%,356MB / 5.92GB,358MB / 1.36GB
23:49:02,facultylens-perf-scheduler,0.06%,32.3MiB / 7.317GiB,0.43%,1.88kB / 911B,0B / 709kB
23:49:02,facultylens-perf-worker,13.12%,44.04MiB / 7.317GiB,0.59%,677kB / 1.08MB,147kB / 709kB
23:49:02,facultylens-perf-app,37.79%,110.7MiB / 7.317GiB,1.48%,9.99GB / 2.81GB,6.33MB / 4.84MB
23:49:02,facultylens-perf-ai-service,0.09%,468.6MiB / 7.317GiB,6.25%,436kB / 96kB,326MB / 0B
23:49:02,facultylens-perf-nginx,1.35%,16.82MiB / 7.317GiB,0.22%,2.29GB / 2.33GB,8.34MB / 4.1kB
23:49:02,facultylens-perf-redis,1.93%,24.38MiB / 7.317GiB,0.33%,210MB / 3.96GB,38.2MB / 159MB
23:49:02,facultylens-perf-mysql,21.74%,936.8MiB / 7.317GiB,12.50%,358MB / 5.93GB,358MB / 1.37GB
23:49:09,facultylens-perf-scheduler,0.06%,32.3MiB / 7.317GiB,0.43%,1.88kB / 911B,0B / 709kB
23:49:09,facultylens-perf-worker,0.00%,44.03MiB / 7.317GiB,0.59%,677kB / 1.08MB,147kB / 709kB
23:49:09,facultylens-perf-app,44.44%,107.1MiB / 7.317GiB,1.43%,10GB / 2.82GB,6.33MB / 4.87MB
23:49:09,facultylens-perf-ai-service,0.08%,468.6MiB / 7.317GiB,6.25%,436kB / 96kB,326MB / 0B
23:49:09,facultylens-perf-nginx,3.92%,16.82MiB / 7.317GiB,0.22%,2.31GB / 2.34GB,8.34MB / 4.1kB
23:49:09,facultylens-perf-redis,3.02%,25.68MiB / 7.317GiB,0.34%,211MB / 3.98GB,38.2MB / 159MB
23:49:09,facultylens-perf-mysql,29.37%,936.9MiB / 7.317GiB,12.51%,360MB / 5.94GB,358MB / 1.37GB
23:49:16,facultylens-perf-scheduler,0.06%,32.3MiB / 7.317GiB,0.43%,1.88kB / 911B,0B / 709kB
23:49:16,facultylens-perf-worker,0.00%,44.03MiB / 7.317GiB,0.59%,678kB / 1.08MB,147kB / 709kB
23:49:16,facultylens-perf-app,185.87%,182.1MiB / 7.317GiB,2.43%,10.2GB / 2.84GB,6.33MB / 4.89MB
23:49:16,facultylens-perf-ai-service,0.09%,468.6MiB / 7.317GiB,6.25%,436kB / 96kB,326MB / 0B
23:49:16,facultylens-perf-nginx,2.53%,16.93MiB / 7.317GiB,0.23%,2.32GB / 2.35GB,8.34MB / 4.1kB
23:49:16,facultylens-perf-redis,1.34%,25.05MiB / 7.317GiB,0.33%,213MB / 4GB,38.2MB / 161MB
23:49:16,facultylens-perf-mysql,112.38%,937.1MiB / 7.317GiB,12.51%,363MB / 6.1GB,358MB / 1.38GB
23:49:24,facultylens-perf-scheduler,0.06%,32.3MiB / 7.317GiB,0.43%,1.88kB / 911B,0B / 709kB
23:49:24,facultylens-perf-worker,0.00%,44.03MiB / 7.317GiB,0.59%,678kB / 1.09MB,147kB / 709kB
23:49:24,facultylens-perf-app,45.35%,113.9MiB / 7.317GiB,1.52%,10.3GB / 2.85GB,6.33MB / 4.91MB
23:49:24,facultylens-perf-ai-service,0.10%,468.6MiB / 7.317GiB,6.25%,436kB / 96kB,326MB / 0B
23:49:24,facultylens-perf-nginx,1.38%,17.07MiB / 7.317GiB,0.23%,2.33GB / 2.36GB,8.34MB / 4.1kB
23:49:24,facultylens-perf-redis,2.05%,24.51MiB / 7.317GiB,0.33%,215MB / 4.02GB,38.2MB / 163MB
23:49:24,facultylens-perf-mysql,27.36%,936.8MiB / 7.317GiB,12.50%,365MB / 6.2GB,358MB / 1.38GB
23:49:31,facultylens-perf-scheduler,0.07%,32.3MiB / 7.317GiB,0.43%,1.88kB / 911B,0B / 709kB
23:49:31,facultylens-perf-worker,0.00%,44.03MiB / 7.317GiB,0.59%,679kB / 1.09MB,147kB / 709kB
23:49:31,facultylens-perf-app,43.98%,109.4MiB / 7.317GiB,1.46%,10.4GB / 2.87GB,6.33MB / 4.94MB
23:49:31,facultylens-perf-ai-service,0.10%,468.6MiB / 7.317GiB,6.25%,436kB / 96kB,326MB / 0B
23:49:31,facultylens-perf-nginx,1.95%,16.81MiB / 7.317GiB,0.22%,2.34GB / 2.38GB,8.34MB / 4.1kB
23:49:31,facultylens-perf-redis,2.57%,24.68MiB / 7.317GiB,0.33%,216MB / 4.04GB,38.3MB / 163MB
23:49:31,facultylens-perf-mysql,24.68%,936.9MiB / 7.317GiB,12.51%,367MB / 6.22GB,358MB / 1.39GB
23:49:38,facultylens-perf-scheduler,0.06%,32.3MiB / 7.317GiB,0.43%,1.88kB / 911B,0B / 709kB
23:49:38,facultylens-perf-worker,0.00%,44.03MiB / 7.317GiB,0.59%,679kB / 1.09MB,147kB / 709kB
23:49:38,facultylens-perf-app,43.45%,113.7MiB / 7.317GiB,1.52%,10.4GB / 2.89GB,6.33MB / 4.96MB
23:49:38,facultylens-perf-ai-service,0.09%,468.6MiB / 7.317GiB,6.25%,436kB / 96kB,326MB / 0B
23:49:38,facultylens-perf-nginx,1.41%,16.83MiB / 7.317GiB,0.22%,2.36GB / 2.39GB,8.34MB / 4.1kB
23:49:38,facultylens-perf-redis,3.06%,25.05MiB / 7.317GiB,0.33%,217MB / 4.06GB,38.3MB / 163MB
23:49:38,facultylens-perf-mysql,25.68%,936.9MiB / 7.317GiB,12.51%,369MB / 6.24GB,358MB / 1.4GB
23:49:45,facultylens-perf-scheduler,0.06%,32.3MiB / 7.317GiB,0.43%,1.88kB / 911B,0B / 709kB
23:49:45,facultylens-perf-worker,0.00%,44.03MiB / 7.317GiB,0.59%,680kB / 1.1MB,147kB / 709kB
23:49:45,facultylens-perf-app,60.87%,113.2MiB / 7.317GiB,1.51%,10.4GB / 2.9GB,6.33MB / 4.98MB
23:49:45,facultylens-perf-ai-service,0.10%,468.6MiB / 7.317GiB,6.25%,436kB / 96kB,326MB / 0B
23:49:45,facultylens-perf-nginx,2.36%,16.81MiB / 7.317GiB,0.22%,2.37GB / 2.4GB,8.34MB / 4.1kB
23:49:45,facultylens-perf-redis,3.20%,25.82MiB / 7.317GiB,0.34%,218MB / 4.08GB,38.3MB / 164MB
23:49:45,facultylens-perf-mysql,32.47%,936.9MiB / 7.317GiB,12.51%,371MB / 6.26GB,358MB / 1.4GB
23:49:53,facultylens-perf-scheduler,0.07%,32.3MiB / 7.317GiB,0.43%,1.88kB / 911B,0B / 709kB
23:49:53,facultylens-perf-worker,0.00%,44.03MiB / 7.317GiB,0.59%,681kB / 1.1MB,147kB / 709kB
23:49:53,facultylens-perf-app,48.95%,115.2MiB / 7.317GiB,1.54%,10.5GB / 2.91GB,6.33MB / 5MB
23:49:53,facultylens-perf-ai-service,0.10%,468.6MiB / 7.317GiB,6.25%,436kB / 96kB,326MB / 0B
23:49:53,facultylens-perf-nginx,1.81%,16.83MiB / 7.317GiB,0.22%,2.38GB / 2.41GB,8.34MB / 4.1kB
23:49:53,facultylens-perf-redis,4.81%,25.69MiB / 7.317GiB,0.34%,219MB / 4.11GB,38.4MB / 164MB
23:49:53,facultylens-perf-mysql,32.18%,937.2MiB / 7.317GiB,12.51%,372MB / 6.27GB,358MB / 1.41GB
23:50:00,facultylens-perf-scheduler,0.06%,32.29MiB / 7.317GiB,0.43%,1.88kB / 911B,0B / 709kB
23:50:00,facultylens-perf-worker,4.94%,56.27MiB / 7.317GiB,0.75%,681kB / 1.1MB,147kB / 709kB
23:50:00,facultylens-perf-app,35.43%,111.4MiB / 7.317GiB,1.49%,10.5GB / 2.93GB,6.33MB / 5.03MB
23:50:00,facultylens-perf-ai-service,0.90%,468.6MiB / 7.317GiB,6.25%,436kB / 96kB,326MB / 0B
23:50:00,facultylens-perf-nginx,1.53%,16.82MiB / 7.317GiB,0.22%,2.39GB / 2.42GB,8.34MB / 4.1kB
23:50:00,facultylens-perf-redis,2.23%,25.62MiB / 7.317GiB,0.34%,219MB / 4.13GB,38.4MB / 164MB
23:50:00,facultylens-perf-mysql,18.57%,937MiB / 7.317GiB,12.51%,374MB / 6.28GB,358MB / 1.42GB
23:50:07,facultylens-perf-scheduler,0.06%,32.29MiB / 7.317GiB,0.43%,1.88kB / 911B,0B / 709kB
23:50:07,facultylens-perf-worker,0.00%,44.03MiB / 7.317GiB,0.59%,682kB / 1.11MB,147kB / 709kB
23:50:07,facultylens-perf-app,49.27%,115.2MiB / 7.317GiB,1.54%,10.5GB / 2.94GB,6.33MB / 5.05MB
23:50:07,facultylens-perf-ai-service,0.09%,468.6MiB / 7.317GiB,6.25%,436kB / 96kB,326MB / 0B
23:50:07,facultylens-perf-nginx,1.83%,16.82MiB / 7.317GiB,0.22%,2.4GB / 2.44GB,8.34MB / 4.1kB
23:50:07,facultylens-perf-redis,2.62%,25.27MiB / 7.317GiB,0.34%,220MB / 4.15GB,38.4MB / 165MB
23:50:07,facultylens-perf-mysql,30.54%,937.1MiB / 7.317GiB,12.51%,376MB / 6.3GB,358MB / 1.42GB
23:50:15,facultylens-perf-scheduler,0.06%,32.29MiB / 7.317GiB,0.43%,1.88kB / 911B,0B / 709kB
23:50:15,facultylens-perf-worker,0.00%,44.03MiB / 7.317GiB,0.59%,683kB / 1.11MB,147kB / 709kB
23:50:15,facultylens-perf-app,37.98%,115MiB / 7.317GiB,1.53%,10.6GB / 2.95GB,6.33MB / 5.07MB
23:50:15,facultylens-perf-ai-service,0.09%,468.6MiB / 7.317GiB,6.25%,436kB / 96kB,326MB / 0B
23:50:15,facultylens-perf-nginx,1.96%,17.09MiB / 7.317GiB,0.23%,2.42GB / 2.45GB,8.34MB / 4.1kB
23:50:15,facultylens-perf-redis,2.69%,25MiB / 7.317GiB,0.33%,221MB / 4.17GB,38.4MB / 165MB
23:50:15,facultylens-perf-mysql,41.35%,937.8MiB / 7.317GiB,12.52%,378MB / 6.32GB,358MB / 1.43GB
23:50:22,facultylens-perf-scheduler,0.06%,32.29MiB / 7.317GiB,0.43%,1.88kB / 911B,0B / 709kB
23:50:22,facultylens-perf-worker,0.00%,44.03MiB / 7.317GiB,0.59%,684kB / 1.12MB,147kB / 709kB
23:50:22,facultylens-perf-app,49.28%,113.8MiB / 7.317GiB,1.52%,10.6GB / 2.97GB,6.33MB / 5.09MB
23:50:22,facultylens-perf-ai-service,0.12%,468.6MiB / 7.317GiB,6.25%,436kB / 96kB,326MB / 0B
23:50:22,facultylens-perf-nginx,1.85%,16.83MiB / 7.317GiB,0.22%,2.43GB / 2.46GB,8.34MB / 4.1kB
23:50:22,facultylens-perf-redis,2.55%,24.07MiB / 7.317GiB,0.32%,222MB / 4.19GB,38.5MB / 165MB
23:50:22,facultylens-perf-mysql,31.37%,937.8MiB / 7.317GiB,12.52%,380MB / 6.34GB,358MB / 1.44GB
23:50:29,facultylens-perf-scheduler,0.06%,32.29MiB / 7.317GiB,0.43%,1.88kB / 911B,0B / 709kB
23:50:29,facultylens-perf-worker,0.00%,44.03MiB / 7.317GiB,0.59%,684kB / 1.12MB,147kB / 709kB
23:50:29,facultylens-perf-app,33.70%,109.5MiB / 7.317GiB,1.46%,10.7GB / 2.99GB,6.33MB / 5.12MB
23:50:29,facultylens-perf-ai-service,3.02%,469MiB / 7.317GiB,6.26%,436kB / 96kB,326MB / 0B
23:50:29,facultylens-perf-nginx,1.27%,16.83MiB / 7.317GiB,0.22%,2.44GB / 2.47GB,8.34MB / 4.1kB
23:50:29,facultylens-perf-redis,1.93%,24.77MiB / 7.317GiB,0.33%,223MB / 4.21GB,38.5MB / 166MB
23:50:29,facultylens-perf-mysql,33.53%,937.6MiB / 7.317GiB,12.51%,381MB / 6.36GB,358MB / 1.44GB
23:50:36,facultylens-perf-scheduler,0.06%,32.29MiB / 7.317GiB,0.43%,1.88kB / 911B,0B / 709kB
23:50:36,facultylens-perf-worker,0.00%,44.03MiB / 7.317GiB,0.59%,685kB / 1.12MB,147kB / 709kB
23:50:36,facultylens-perf-app,43.73%,108.1MiB / 7.317GiB,1.44%,10.7GB / 3GB,6.33MB / 5.14MB
23:50:36,facultylens-perf-ai-service,0.09%,468.6MiB / 7.317GiB,6.25%,436kB / 96kB,326MB / 0B
23:50:36,facultylens-perf-nginx,1.70%,16.84MiB / 7.317GiB,0.22%,2.45GB / 2.49GB,8.34MB / 4.1kB
23:50:36,facultylens-perf-redis,2.49%,24.1MiB / 7.317GiB,0.32%,224MB / 4.23GB,38.5MB / 167MB
23:50:36,facultylens-perf-mysql,27.75%,937.4MiB / 7.317GiB,12.51%,384MB / 6.38GB,358MB / 1.45GB
23:50:44,facultylens-perf-scheduler,0.06%,32.29MiB / 7.317GiB,0.43%,1.88kB / 911B,0B / 709kB
23:50:44,facultylens-perf-worker,0.00%,44.03MiB / 7.317GiB,0.59%,685kB / 1.13MB,147kB / 709kB
23:50:44,facultylens-perf-app,58.45%,113.5MiB / 7.317GiB,1.51%,10.8GB / 3.02GB,6.33MB / 5.16MB
23:50:44,facultylens-perf-ai-service,0.09%,468.6MiB / 7.317GiB,6.25%,436kB / 96kB,326MB / 0B
23:50:44,facultylens-perf-nginx,2.03%,16.84MiB / 7.317GiB,0.22%,2.47GB / 2.5GB,8.34MB / 4.1kB
23:50:44,facultylens-perf-redis,4.71%,24.48MiB / 7.317GiB,0.33%,225MB / 4.25GB,38.6MB / 167MB
23:50:44,facultylens-perf-mysql,35.93%,937.7MiB / 7.317GiB,12.52%,386MB / 6.4GB,358MB / 1.46GB
23:50:51,facultylens-perf-scheduler,0.07%,32.29MiB / 7.317GiB,0.43%,1.88kB / 911B,0B / 709kB
23:50:51,facultylens-perf-worker,0.00%,44.03MiB / 7.317GiB,0.59%,686kB / 1.13MB,147kB / 709kB
23:50:51,facultylens-perf-app,63.73%,113.5MiB / 7.317GiB,1.51%,10.8GB / 3.03GB,6.33MB / 5.19MB
23:50:51,facultylens-perf-ai-service,0.08%,468.6MiB / 7.317GiB,6.25%,436kB / 96kB,326MB / 0B
23:50:51,facultylens-perf-nginx,2.32%,16.83MiB / 7.317GiB,0.22%,2.48GB / 2.51GB,8.34MB / 4.1kB
23:50:51,facultylens-perf-redis,3.20%,25.21MiB / 7.317GiB,0.34%,226MB / 4.28GB,38.6MB / 167MB
23:50:51,facultylens-perf-mysql,42.24%,937.4MiB / 7.317GiB,12.51%,388MB / 6.42GB,358MB / 1.46GB
23:50:58,facultylens-perf-scheduler,2.32%,32.29MiB / 7.317GiB,0.43%,1.88kB / 911B,0B / 709kB
23:50:58,facultylens-perf-worker,0.00%,44.03MiB / 7.317GiB,0.59%,686kB / 1.13MB,147kB / 709kB
23:50:58,facultylens-perf-app,34.62%,115MiB / 7.317GiB,1.53%,10.8GB / 3.04GB,6.33MB / 5.21MB
23:50:58,facultylens-perf-ai-service,0.10%,468.6MiB / 7.317GiB,6.25%,436kB / 96kB,326MB / 0B
23:50:58,facultylens-perf-nginx,1.25%,16.92MiB / 7.317GiB,0.23%,2.49GB / 2.52GB,8.34MB / 4.1kB
23:50:58,facultylens-perf-redis,1.88%,24.48MiB / 7.317GiB,0.33%,227MB / 4.3GB,38.6MB / 168MB
23:50:58,facultylens-perf-mysql,25.72%,938MiB / 7.317GiB,12.52%,389MB / 6.44GB,358MB / 1.47GB
23:51:05,facultylens-perf-scheduler,0.07%,32.3MiB / 7.317GiB,0.43%,1.88kB / 911B,0B / 709kB
23:51:05,facultylens-perf-worker,0.01%,44.03MiB / 7.317GiB,0.59%,688kB / 1.14MB,147kB / 709kB
23:51:05,facultylens-perf-app,21.19%,109.9MiB / 7.317GiB,1.47%,10.9GB / 3.06GB,6.33MB / 5.23MB
23:51:05,facultylens-perf-ai-service,0.10%,468.6MiB / 7.317GiB,6.25%,436kB / 96kB,326MB / 0B
23:51:05,facultylens-perf-nginx,0.90%,16.83MiB / 7.317GiB,0.22%,2.5GB / 2.53GB,8.34MB / 4.1kB
23:51:05,facultylens-perf-redis,4.01%,25.3MiB / 7.317GiB,0.34%,227MB / 4.32GB,38.6MB / 171MB
23:51:05,facultylens-perf-mysql,11.42%,937.6MiB / 7.317GiB,12.51%,391MB / 6.46GB,358MB / 1.47GB
23:51:13,facultylens-perf-scheduler,0.06%,32.3MiB / 7.317GiB,0.43%,1.88kB / 911B,0B / 709kB
23:51:13,facultylens-perf-worker,0.00%,44.03MiB / 7.317GiB,0.59%,688kB / 1.14MB,147kB / 709kB
23:51:13,facultylens-perf-app,31.48%,109.5MiB / 7.317GiB,1.46%,10.9GB / 3.07GB,6.33MB / 5.25MB
23:51:13,facultylens-perf-ai-service,0.11%,468.6MiB / 7.317GiB,6.25%,436kB / 96kB,326MB / 0B
23:51:13,facultylens-perf-nginx,1.28%,16.85MiB / 7.317GiB,0.22%,2.51GB / 2.55GB,8.34MB / 4.1kB
23:51:13,facultylens-perf-redis,4.33%,25.03MiB / 7.317GiB,0.33%,228MB / 4.34GB,38.7MB / 171MB
23:51:13,facultylens-perf-mysql,17.00%,937.6MiB / 7.317GiB,12.51%,393MB / 6.47GB,358MB / 1.48GB
23:51:20,facultylens-perf-scheduler,0.06%,32.3MiB / 7.317GiB,0.43%,1.88kB / 911B,0B / 709kB
23:51:20,facultylens-perf-worker,0.00%,44.03MiB / 7.317GiB,0.59%,689kB / 1.14MB,147kB / 709kB
23:51:20,facultylens-perf-app,63.60%,109.6MiB / 7.317GiB,1.46%,10.9GB / 3.09GB,6.33MB / 5.28MB
23:51:20,facultylens-perf-ai-service,0.09%,468.6MiB / 7.317GiB,6.25%,436kB / 96kB,326MB / 0B
23:51:20,facultylens-perf-nginx,2.55%,16.84MiB / 7.317GiB,0.22%,2.53GB / 2.56GB,8.34MB / 4.1kB
23:51:20,facultylens-perf-redis,3.44%,25.7MiB / 7.317GiB,0.34%,229MB / 4.36GB,38.7MB / 171MB
23:51:20,facultylens-perf-mysql,34.18%,938MiB / 7.317GiB,12.52%,395MB / 6.48GB,358MB / 1.49GB
23:51:27,facultylens-perf-scheduler,0.06%,32.3MiB / 7.317GiB,0.43%,1.88kB / 911B,0B / 709kB
23:51:27,facultylens-perf-worker,0.00%,44.03MiB / 7.317GiB,0.59%,690kB / 1.15MB,147kB / 709kB
23:51:27,facultylens-perf-app,55.28%,110.3MiB / 7.317GiB,1.47%,11GB / 3.1GB,6.33MB / 5.3MB
23:51:27,facultylens-perf-ai-service,0.10%,468.6MiB / 7.317GiB,6.25%,436kB / 96kB,326MB / 0B
23:51:27,facultylens-perf-nginx,2.24%,17.14MiB / 7.317GiB,0.23%,2.54GB / 2.57GB,8.34MB / 4.1kB
23:51:27,facultylens-perf-redis,3.09%,24.89MiB / 7.317GiB,0.33%,229MB / 4.39GB,38.7MB / 171MB
23:51:27,facultylens-perf-mysql,30.16%,937.7MiB / 7.317GiB,12.52%,396MB / 6.49GB,358MB / 1.49GB
23:51:34,facultylens-perf-scheduler,0.06%,32.3MiB / 7.317GiB,0.43%,1.88kB / 911B,0B / 709kB
23:51:34,facultylens-perf-worker,0.00%,44.03MiB / 7.317GiB,0.59%,690kB / 1.15MB,147kB / 709kB
23:51:34,facultylens-perf-app,31.68%,113.5MiB / 7.317GiB,1.52%,11GB / 3.11GB,6.33MB / 5.32MB
23:51:34,facultylens-perf-ai-service,0.10%,468.6MiB / 7.317GiB,6.25%,436kB / 96kB,326MB / 0B
23:51:34,facultylens-perf-nginx,1.01%,16.92MiB / 7.317GiB,0.23%,2.55GB / 2.58GB,8.34MB / 4.1kB
23:51:34,facultylens-perf-redis,4.34%,25.3MiB / 7.317GiB,0.34%,230MB / 4.41GB,38.8MB / 171MB
23:51:34,facultylens-perf-mysql,15.42%,938MiB / 7.317GiB,12.52%,397MB / 6.49GB,358MB / 1.5GB
23:51:42,facultylens-perf-scheduler,0.07%,32.3MiB / 7.317GiB,0.43%,1.88kB / 911B,0B / 709kB
23:51:42,facultylens-perf-worker,0.00%,44.03MiB / 7.317GiB,0.59%,691kB / 1.15MB,147kB / 709kB
23:51:42,facultylens-perf-app,65.71%,109.9MiB / 7.317GiB,1.47%,11GB / 3.13GB,6.33MB / 5.34MB
23:51:42,facultylens-perf-ai-service,0.08%,468.6MiB / 7.317GiB,6.25%,436kB / 96kB,326MB / 0B
23:51:42,facultylens-perf-nginx,0.94%,16.84MiB / 7.317GiB,0.22%,2.56GB / 2.6GB,8.34MB / 4.1kB
23:51:42,facultylens-perf-redis,1.39%,25.3MiB / 7.317GiB,0.34%,230MB / 4.43GB,38.8MB / 171MB
23:51:42,facultylens-perf-mysql,12.74%,937.8MiB / 7.317GiB,12.52%,399MB / 6.5GB,358MB / 1.51GB
23:51:49,facultylens-perf-scheduler,0.06%,32.3MiB / 7.317GiB,0.43%,1.88kB / 911B,0B / 709kB
23:51:49,facultylens-perf-worker,0.00%,44.03MiB / 7.317GiB,0.59%,691kB / 1.16MB,147kB / 709kB
23:51:49,facultylens-perf-app,33.24%,109.6MiB / 7.317GiB,1.46%,11.1GB / 3.14GB,6.33MB / 5.37MB
23:51:49,facultylens-perf-ai-service,0.10%,468.6MiB / 7.317GiB,6.25%,436kB / 96kB,326MB / 0B
23:51:49,facultylens-perf-nginx,1.34%,16.84MiB / 7.317GiB,0.22%,2.57GB / 2.61GB,8.34MB / 4.1kB
23:51:49,facultylens-perf-redis,2.01%,25.71MiB / 7.317GiB,0.34%,231MB / 4.45GB,38.8MB / 171MB
23:51:49,facultylens-perf-mysql,20.90%,939.2MiB / 7.317GiB,12.54%,400MB / 6.5GB,358MB / 1.51GB
23:51:56,facultylens-perf-scheduler,0.07%,32.3MiB / 7.317GiB,0.43%,1.88kB / 911B,0B / 709kB
23:51:56,facultylens-perf-worker,0.09%,44.03MiB / 7.317GiB,0.59%,692kB / 1.16MB,147kB / 709kB
23:51:56,facultylens-perf-app,72.07%,111.4MiB / 7.317GiB,1.49%,11.1GB / 3.16GB,6.33MB / 5.39MB
23:51:56,facultylens-perf-ai-service,0.10%,468.6MiB / 7.317GiB,6.25%,436kB / 96kB,326MB / 0B
23:51:56,facultylens-perf-nginx,3.10%,16.86MiB / 7.317GiB,0.23%,2.59GB / 2.62GB,8.34MB / 4.1kB
23:51:56,facultylens-perf-redis,4.18%,24.97MiB / 7.317GiB,0.33%,231MB / 4.47GB,38.9MB / 171MB
23:51:56,facultylens-perf-mysql,35.36%,938.4MiB / 7.317GiB,12.52%,402MB / 6.5GB,358MB / 1.52GB
23:52:04,facultylens-perf-scheduler,0.08%,32.29MiB / 7.317GiB,0.43%,1.88kB / 911B,0B / 709kB
23:52:04,facultylens-perf-worker,0.00%,44.03MiB / 7.317GiB,0.59%,693kB / 1.17MB,147kB / 709kB
23:52:04,facultylens-perf-app,59.30%,110.6MiB / 7.317GiB,1.48%,11.1GB / 3.17GB,6.33MB / 5.41MB
23:52:04,facultylens-perf-ai-service,0.08%,468.6MiB / 7.317GiB,6.25%,436kB / 96kB,326MB / 0B
23:52:04,facultylens-perf-nginx,2.53%,16.91MiB / 7.317GiB,0.23%,2.6GB / 2.63GB,8.34MB / 4.1kB
23:52:04,facultylens-perf-redis,5.85%,25.4MiB / 7.317GiB,0.34%,232MB / 4.5GB,38.9MB / 171MB
23:52:04,facultylens-perf-mysql,12.13%,938.2MiB / 7.317GiB,12.52%,403MB / 6.51GB,358MB / 1.52GB
23:52:11,facultylens-perf-scheduler,0.08%,32.29MiB / 7.317GiB,0.43%,1.88kB / 911B,0B / 709kB
23:52:11,facultylens-perf-worker,0.00%,44.03MiB / 7.317GiB,0.59%,694kB / 1.17MB,147kB / 709kB
23:52:11,facultylens-perf-app,23.90%,110MiB / 7.317GiB,1.47%,11.1GB / 3.18GB,6.33MB / 5.44MB
23:52:11,facultylens-perf-ai-service,0.08%,468.6MiB / 7.317GiB,6.25%,436kB / 96kB,326MB / 0B
23:52:11,facultylens-perf-nginx,1.14%,16.99MiB / 7.317GiB,0.23%,2.61GB / 2.65GB,8.34MB / 4.1kB
23:52:11,facultylens-perf-redis,1.63%,25.42MiB / 7.317GiB,0.34%,232MB / 4.52GB,38.9MB / 171MB
23:52:11,facultylens-perf-mysql,14.53%,938.2MiB / 7.317GiB,12.52%,405MB / 6.51GB,358MB / 1.53GB
23:52:18,facultylens-perf-scheduler,0.07%,32.29MiB / 7.317GiB,0.43%,1.88kB / 911B,0B / 709kB
23:52:18,facultylens-perf-worker,0.07%,44.03MiB / 7.317GiB,0.59%,695kB / 1.18MB,147kB / 709kB
23:52:18,facultylens-perf-app,21.66%,109.6MiB / 7.317GiB,1.46%,11.2GB / 3.2GB,6.33MB / 5.46MB
23:52:18,facultylens-perf-ai-service,0.08%,468.6MiB / 7.317GiB,6.25%,436kB / 96kB,326MB / 0B
23:52:18,facultylens-perf-nginx,1.00%,16.92MiB / 7.317GiB,0.23%,2.62GB / 2.66GB,8.34MB / 4.1kB
23:52:18,facultylens-perf-redis,1.44%,26.03MiB / 7.317GiB,0.35%,233MB / 4.54GB,38.9MB / 172MB
23:52:18,facultylens-perf-mysql,12.44%,938MiB / 7.317GiB,12.52%,406MB / 6.52GB,358MB / 1.54GB
23:52:25,facultylens-perf-scheduler,0.06%,32.29MiB / 7.317GiB,0.43%,1.88kB / 911B,0B / 709kB
23:52:25,facultylens-perf-worker,0.00%,44.03MiB / 7.317GiB,0.59%,695kB / 1.18MB,147kB / 709kB
23:52:25,facultylens-perf-app,37.75%,113MiB / 7.317GiB,1.51%,11.2GB / 3.21GB,6.33MB / 5.48MB
23:52:25,facultylens-perf-ai-service,0.10%,468.6MiB / 7.317GiB,6.25%,436kB / 96kB,326MB / 0B
23:52:25,facultylens-perf-nginx,1.56%,16.97MiB / 7.317GiB,0.23%,2.64GB / 2.67GB,8.34MB / 4.1kB
23:52:25,facultylens-perf-redis,2.19%,25.41MiB / 7.317GiB,0.34%,234MB / 4.56GB,39MB / 172MB
23:52:25,facultylens-perf-mysql,18.35%,938.3MiB / 7.317GiB,12.52%,407MB / 6.52GB,358MB / 1.54GB
23:52:33,facultylens-perf-scheduler,0.07%,32.29MiB / 7.317GiB,0.43%,1.88kB / 911B,0B / 709kB
23:52:33,facultylens-perf-worker,0.00%,44.03MiB / 7.317GiB,0.59%,696kB / 1.18MB,147kB / 709kB
23:52:33,facultylens-perf-app,85.67%,108.6MiB / 7.317GiB,1.45%,11.2GB / 3.23GB,6.33MB / 5.51MB
23:52:33,facultylens-perf-ai-service,0.10%,468.6MiB / 7.317GiB,6.25%,436kB / 96kB,326MB / 0B
23:52:33,facultylens-perf-nginx,3.64%,16.98MiB / 7.317GiB,0.23%,2.65GB / 2.69GB,8.34MB / 4.1kB
23:52:33,facultylens-perf-redis,4.71%,25.41MiB / 7.317GiB,0.34%,234MB / 4.59GB,39MB / 172MB
23:52:33,facultylens-perf-mysql,42.32%,938.3MiB / 7.317GiB,12.52%,409MB / 6.53GB,358MB / 1.55GB
23:52:40,facultylens-perf-scheduler,0.07%,32.29MiB / 7.317GiB,0.43%,1.88kB / 911B,0B / 709kB
23:52:40,facultylens-perf-worker,0.00%,44.03MiB / 7.317GiB,0.59%,696kB / 1.19MB,147kB / 709kB
23:52:40,facultylens-perf-app,57.76%,109.8MiB / 7.317GiB,1.47%,11.2GB / 3.24GB,6.33MB / 5.53MB
23:52:40,facultylens-perf-ai-service,0.11%,468.6MiB / 7.317GiB,6.25%,436kB / 96kB,326MB / 0B
23:52:40,facultylens-perf-nginx,2.57%,17.01MiB / 7.317GiB,0.23%,2.66GB / 2.7GB,8.34MB / 4.1kB
23:52:40,facultylens-perf-redis,3.42%,26.56MiB / 7.317GiB,0.35%,235MB / 4.61GB,39MB / 172MB
23:52:40,facultylens-perf-mysql,35.22%,938.4MiB / 7.317GiB,12.53%,410MB / 6.53GB,358MB / 1.56GB
23:52:47,facultylens-perf-scheduler,0.07%,32.29MiB / 7.317GiB,0.43%,1.88kB / 911B,0B / 709kB
23:52:47,facultylens-perf-worker,0.00%,44.03MiB / 7.317GiB,0.59%,697kB / 1.19MB,147kB / 709kB
23:52:47,facultylens-perf-app,10.47%,112.9MiB / 7.317GiB,1.51%,11.3GB / 3.25GB,6.33MB / 5.55MB
23:52:47,facultylens-perf-ai-service,0.07%,468.6MiB / 7.317GiB,6.25%,436kB / 96kB,326MB / 0B
23:52:47,facultylens-perf-nginx,0.51%,17.1MiB / 7.317GiB,0.23%,2.67GB / 2.71GB,8.34MB / 4.1kB
23:52:47,facultylens-perf-redis,2.19%,25.59MiB / 7.317GiB,0.34%,235MB / 4.63GB,39.1MB / 172MB
23:52:47,facultylens-perf-mysql,6.59%,938.2MiB / 7.317GiB,12.52%,412MB / 6.54GB,358MB / 1.56GB
23:52:54,facultylens-perf-scheduler,0.06%,32.29MiB / 7.317GiB,0.43%,1.88kB / 911B,0B / 709kB
23:52:54,facultylens-perf-worker,0.00%,44.03MiB / 7.317GiB,0.59%,698kB / 1.19MB,147kB / 709kB
23:52:54,facultylens-perf-app,17.95%,108MiB / 7.317GiB,1.44%,11.3GB / 3.27GB,6.33MB / 5.57MB
23:52:54,facultylens-perf-ai-service,0.11%,468.6MiB / 7.317GiB,6.25%,436kB / 96kB,326MB / 0B
23:52:54,facultylens-perf-nginx,0.83%,16.98MiB / 7.317GiB,0.23%,2.68GB / 2.72GB,8.34MB / 4.1kB
23:52:54,facultylens-perf-redis,1.38%,25.33MiB / 7.317GiB,0.34%,236MB / 4.65GB,39.1MB / 172MB
23:52:54,facultylens-perf-mysql,11.28%,938.2MiB / 7.317GiB,12.52%,413MB / 6.54GB,358MB / 1.57GB
23:53:02,facultylens-perf-scheduler,0.06%,32.3MiB / 7.317GiB,0.43%,1.88kB / 911B,0B / 709kB
23:53:02,facultylens-perf-worker,0.00%,44.03MiB / 7.317GiB,0.59%,699kB / 1.2MB,147kB / 709kB
23:53:02,facultylens-perf-app,33.53%,105.7MiB / 7.317GiB,1.41%,11.3GB / 3.28GB,6.33MB / 5.6MB
23:53:02,facultylens-perf-ai-service,0.09%,468.6MiB / 7.317GiB,6.25%,436kB / 96kB,326MB / 0B
23:53:02,facultylens-perf-nginx,1.39%,16.97MiB / 7.317GiB,0.23%,2.7GB / 2.73GB,8.34MB / 4.1kB
23:53:02,facultylens-perf-redis,2.01%,26.63MiB / 7.317GiB,0.36%,237MB / 4.67GB,39.1MB / 173MB
23:53:02,facultylens-perf-mysql,16.73%,938.3MiB / 7.317GiB,12.52%,415MB / 6.55GB,358MB / 1.58GB
23:53:09,facultylens-perf-scheduler,0.07%,32.3MiB / 7.317GiB,0.43%,1.88kB / 911B,0B / 709kB
23:53:09,facultylens-perf-worker,0.00%,44.03MiB / 7.317GiB,0.59%,700kB / 1.2MB,147kB / 709kB
23:53:09,facultylens-perf-app,81.79%,111MiB / 7.317GiB,1.48%,11.4GB / 3.3GB,6.33MB / 5.62MB
23:53:09,facultylens-perf-ai-service,0.11%,468.6MiB / 7.317GiB,6.25%,436kB / 96kB,326MB / 0B
23:53:09,facultylens-perf-nginx,5.69%,16.99MiB / 7.317GiB,0.23%,2.71GB / 2.75GB,8.34MB / 4.1kB
23:53:09,facultylens-perf-redis,4.43%,26.39MiB / 7.317GiB,0.35%,240MB / 4.69GB,39.2MB / 175MB
23:53:09,facultylens-perf-mysql,41.44%,938.6MiB / 7.317GiB,12.53%,416MB / 6.55GB,358MB / 1.58GB
23:53:16,facultylens-perf-scheduler,0.06%,32.3MiB / 7.317GiB,0.43%,1.88kB / 911B,0B / 709kB
23:53:16,facultylens-perf-worker,0.00%,44.03MiB / 7.317GiB,0.59%,700kB / 1.21MB,147kB / 709kB
23:53:16,facultylens-perf-app,53.96%,109MiB / 7.317GiB,1.45%,11.4GB / 3.32GB,6.33MB / 5.64MB
23:53:16,facultylens-perf-ai-service,0.08%,468.6MiB / 7.317GiB,6.25%,436kB / 96kB,326MB / 0B
23:53:16,facultylens-perf-nginx,2.49%,17MiB / 7.317GiB,0.23%,2.72GB / 2.76GB,8.34MB / 4.1kB
23:53:16,facultylens-perf-redis,3.26%,25.9MiB / 7.317GiB,0.35%,241MB / 4.71GB,39.2MB / 176MB
23:53:16,facultylens-perf-mysql,31.87%,939.1MiB / 7.317GiB,12.53%,418MB / 6.56GB,358MB / 1.59GB
23:53:24,facultylens-perf-scheduler,0.07%,32.3MiB / 7.317GiB,0.43%,1.88kB / 911B,0B / 709kB
23:53:24,facultylens-perf-worker,0.00%,44.03MiB / 7.317GiB,0.59%,701kB / 1.21MB,147kB / 709kB
23:53:24,facultylens-perf-app,37.18%,108.7MiB / 7.317GiB,1.45%,11.4GB / 3.33GB,6.33MB / 5.66MB
23:53:24,facultylens-perf-ai-service,0.10%,468.6MiB / 7.317GiB,6.25%,436kB / 96kB,326MB / 0B
23:53:24,facultylens-perf-nginx,0.41%,16.98MiB / 7.317GiB,0.23%,2.73GB / 2.77GB,8.34MB / 4.1kB
23:53:24,facultylens-perf-redis,3.18%,24.08MiB / 7.317GiB,0.32%,242MB / 4.73GB,39.2MB / 177MB
23:53:24,facultylens-perf-mysql,5.81%,938.6MiB / 7.317GiB,12.53%,419MB / 6.56GB,358MB / 1.59GB
23:53:31,facultylens-perf-scheduler,0.07%,32.3MiB / 7.317GiB,0.43%,1.88kB / 911B,0B / 709kB
23:53:31,facultylens-perf-worker,0.00%,44.03MiB / 7.317GiB,0.59%,701kB / 1.21MB,147kB / 709kB
23:53:31,facultylens-perf-app,19.16%,107.2MiB / 7.317GiB,1.43%,11.4GB / 3.34GB,6.33MB / 5.69MB
23:53:31,facultylens-perf-ai-service,3.07%,468.6MiB / 7.317GiB,6.25%,436kB / 96kB,326MB / 0B
23:53:31,facultylens-perf-nginx,0.82%,17.04MiB / 7.317GiB,0.23%,2.74GB / 2.78GB,8.34MB / 4.1kB
23:53:31,facultylens-perf-redis,1.36%,25.76MiB / 7.317GiB,0.34%,243MB / 4.76GB,39.2MB / 177MB
23:53:31,facultylens-perf-mysql,10.34%,938.7MiB / 7.317GiB,12.53%,421MB / 6.57GB,358MB / 1.6GB
23:53:38,facultylens-perf-scheduler,0.07%,32.3MiB / 7.317GiB,0.43%,1.88kB / 911B,0B / 709kB
23:53:38,facultylens-perf-worker,0.00%,44.03MiB / 7.317GiB,0.59%,702kB / 1.22MB,147kB / 709kB
23:53:38,facultylens-perf-app,36.56%,108.1MiB / 7.317GiB,1.44%,11.5GB / 3.36GB,6.33MB / 5.71MB
23:53:38,facultylens-perf-ai-service,0.10%,468.6MiB / 7.317GiB,6.25%,436kB / 96kB,326MB / 0B
23:53:38,facultylens-perf-nginx,1.50%,16.98MiB / 7.317GiB,0.23%,2.76GB / 2.8GB,8.34MB / 4.1kB
23:53:38,facultylens-perf-redis,2.11%,25.91MiB / 7.317GiB,0.35%,243MB / 4.78GB,39.3MB / 177MB
23:53:38,facultylens-perf-mysql,18.50%,938.5MiB / 7.317GiB,12.53%,422MB / 6.57GB,358MB / 1.61GB
23:53:45,facultylens-perf-scheduler,0.06%,32.3MiB / 7.317GiB,0.43%,1.88kB / 911B,0B / 709kB
23:53:45,facultylens-perf-worker,0.00%,44.03MiB / 7.317GiB,0.59%,702kB / 1.22MB,147kB / 709kB
23:53:45,facultylens-perf-app,83.99%,107.5MiB / 7.317GiB,1.43%,11.5GB / 3.37GB,6.33MB / 5.73MB
23:53:45,facultylens-perf-ai-service,0.09%,468.6MiB / 7.317GiB,6.25%,436kB / 96kB,326MB / 0B
23:53:45,facultylens-perf-nginx,3.50%,16.99MiB / 7.317GiB,0.23%,2.77GB / 2.81GB,8.34MB / 4.1kB
23:53:45,facultylens-perf-redis,4.68%,25.27MiB / 7.317GiB,0.34%,244MB / 4.8GB,39.3MB / 177MB
23:53:45,facultylens-perf-mysql,42.79%,938.7MiB / 7.317GiB,12.53%,424MB / 6.58GB,358MB / 1.61GB
23:53:53,facultylens-perf-scheduler,0.06%,32.3MiB / 7.317GiB,0.43%,1.88kB / 911B,0B / 709kB
23:53:53,facultylens-perf-worker,0.00%,44.03MiB / 7.317GiB,0.59%,703kB / 1.22MB,147kB / 709kB
23:53:53,facultylens-perf-app,59.94%,107MiB / 7.317GiB,1.43%,11.5GB / 3.39GB,6.33MB / 5.76MB
23:53:53,facultylens-perf-ai-service,0.10%,468.6MiB / 7.317GiB,6.25%,436kB / 96kB,326MB / 0B
23:53:53,facultylens-perf-nginx,2.39%,17.29MiB / 7.317GiB,0.23%,2.78GB / 2.82GB,8.34MB / 4.1kB
23:53:53,facultylens-perf-redis,3.24%,25.27MiB / 7.317GiB,0.34%,244MB / 4.83GB,39.3MB / 177MB
23:53:53,facultylens-perf-mysql,29.70%,938.5MiB / 7.317GiB,12.53%,425MB / 6.58GB,358MB / 1.62GB
23:54:00,facultylens-perf-scheduler,0.06%,32.3MiB / 7.317GiB,0.43%,1.88kB / 911B,0B / 709kB
23:54:00,facultylens-perf-worker,0.00%,44.03MiB / 7.317GiB,0.59%,703kB / 1.23MB,147kB / 709kB
23:54:00,facultylens-perf-app,11.96%,106MiB / 7.317GiB,1.42%,11.5GB / 3.4GB,6.33MB / 5.78MB
23:54:00,facultylens-perf-ai-service,3.10%,468.6MiB / 7.317GiB,6.25%,436kB / 96kB,326MB / 0B
23:54:00,facultylens-perf-nginx,0.40%,16.99MiB / 7.317GiB,0.23%,2.79GB / 2.83GB,8.34MB / 4.1kB
23:54:00,facultylens-perf-redis,0.86%,25.38MiB / 7.317GiB,0.34%,245MB / 4.85GB,39.4MB / 177MB
23:54:00,facultylens-perf-mysql,8.68%,939MiB / 7.317GiB,12.53%,426MB / 6.58GB,358MB / 1.62GB
23:54:07,facultylens-perf-scheduler,0.06%,32.3MiB / 7.317GiB,0.43%,1.88kB / 911B,0B / 709kB
23:54:07,facultylens-perf-worker,0.00%,44.03MiB / 7.317GiB,0.59%,705kB / 1.23MB,147kB / 709kB
23:54:07,facultylens-perf-app,27.93%,108.9MiB / 7.317GiB,1.45%,11.6GB / 3.41GB,6.33MB / 5.8MB
23:54:07,facultylens-perf-ai-service,0.11%,468.6MiB / 7.317GiB,6.25%,436kB / 96kB,326MB / 0B
23:54:07,facultylens-perf-nginx,0.98%,16.98MiB / 7.317GiB,0.23%,2.81GB / 2.85GB,8.34MB / 4.1kB
23:54:07,facultylens-perf-redis,1.57%,25.45MiB / 7.317GiB,0.34%,245MB / 4.87GB,39.4MB / 177MB
23:54:07,facultylens-perf-mysql,47.60%,938.5MiB / 7.317GiB,12.53%,428MB / 6.59GB,358MB / 1.63GB
23:54:14,facultylens-perf-scheduler,0.07%,32.3MiB / 7.317GiB,0.43%,1.88kB / 911B,0B / 709kB
23:54:14,facultylens-perf-worker,0.00%,44.03MiB / 7.317GiB,0.59%,705kB / 1.23MB,147kB / 709kB
23:54:14,facultylens-perf-app,48.25%,160.1MiB / 7.317GiB,2.14%,11.6GB / 3.43GB,6.33MB / 5.82MB
23:54:14,facultylens-perf-ai-service,0.09%,468.6MiB / 7.317GiB,6.25%,436kB / 96kB,326MB / 0B
23:54:14,facultylens-perf-nginx,0.88%,17.02MiB / 7.317GiB,0.23%,2.82GB / 2.86GB,8.34MB / 4.1kB
23:54:14,facultylens-perf-redis,1.65%,23.99MiB / 7.317GiB,0.32%,246MB / 4.89GB,39.4MB / 178MB
23:54:14,facultylens-perf-mysql,52.08%,938.6MiB / 7.317GiB,12.53%,430MB / 6.63GB,358MB / 1.64GB
23:54:22,facultylens-perf-scheduler,0.06%,32.3MiB / 7.317GiB,0.43%,1.88kB / 911B,0B / 709kB
23:54:22,facultylens-perf-worker,0.00%,44.03MiB / 7.317GiB,0.59%,706kB / 1.24MB,147kB / 709kB
23:54:22,facultylens-perf-app,144.75%,163.1MiB / 7.317GiB,2.18%,11.8GB / 3.44GB,6.33MB / 5.85MB
23:54:22,facultylens-perf-ai-service,0.11%,468.6MiB / 7.317GiB,6.25%,436kB / 96kB,326MB / 0B
23:54:22,facultylens-perf-nginx,1.91%,17.34MiB / 7.317GiB,0.23%,2.83GB / 2.87GB,8.34MB / 4.1kB
23:54:22,facultylens-perf-redis,2.86%,25.72MiB / 7.317GiB,0.34%,249MB / 4.91GB,39.5MB / 180MB
23:54:22,facultylens-perf-mysql,156.77%,938.9MiB / 7.317GiB,12.53%,433MB / 6.8GB,358MB / 1.64GB
23:54:29,facultylens-perf-scheduler,0.07%,32.3MiB / 7.317GiB,0.43%,1.88kB / 911B,0B / 709kB
23:54:29,facultylens-perf-worker,0.00%,44.03MiB / 7.317GiB,0.59%,707kB / 1.24MB,147kB / 709kB
23:54:29,facultylens-perf-app,47.38%,113.6MiB / 7.317GiB,1.52%,11.9GB / 3.46GB,6.33MB / 5.87MB
23:54:29,facultylens-perf-ai-service,0.08%,468.6MiB / 7.317GiB,6.25%,436kB / 96kB,326MB / 0B
23:54:29,facultylens-perf-nginx,1.98%,17MiB / 7.317GiB,0.23%,2.84GB / 2.88GB,8.34MB / 4.1kB
23:54:29,facultylens-perf-redis,2.60%,26.22MiB / 7.317GiB,0.35%,250MB / 4.93GB,39.5MB / 181MB
23:54:29,facultylens-perf-mysql,28.13%,938.7MiB / 7.317GiB,12.53%,435MB / 6.86GB,358MB / 1.65GB
23:54:36,facultylens-perf-scheduler,0.06%,32.3MiB / 7.317GiB,0.43%,1.88kB / 911B,0B / 709kB
23:54:36,facultylens-perf-worker,0.01%,44.03MiB / 7.317GiB,0.59%,707kB / 1.24MB,147kB / 709kB
23:54:36,facultylens-perf-app,45.01%,113.3MiB / 7.317GiB,1.51%,11.9GB / 3.47GB,6.33MB / 5.89MB
23:54:36,facultylens-perf-ai-service,0.08%,468.6MiB / 7.317GiB,6.25%,436kB / 96kB,326MB / 0B
23:54:36,facultylens-perf-nginx,1.63%,16.99MiB / 7.317GiB,0.23%,2.85GB / 2.89GB,8.34MB / 4.1kB
23:54:36,facultylens-perf-redis,2.37%,25.39MiB / 7.317GiB,0.34%,251MB / 4.95GB,39.5MB / 181MB
23:54:36,facultylens-perf-mysql,30.34%,938.7MiB / 7.317GiB,12.53%,437MB / 6.88GB,358MB / 1.66GB
23:54:43,facultylens-perf-scheduler,0.06%,32.3MiB / 7.317GiB,0.43%,1.88kB / 911B,0B / 709kB
23:54:43,facultylens-perf-worker,0.01%,44.03MiB / 7.317GiB,0.59%,708kB / 1.25MB,147kB / 709kB
23:54:43,facultylens-perf-app,55.78%,110MiB / 7.317GiB,1.47%,12GB / 3.49GB,6.33MB / 5.91MB
23:54:43,facultylens-perf-ai-service,0.09%,468.6MiB / 7.317GiB,6.25%,436kB / 96kB,326MB / 0B
23:54:43,facultylens-perf-nginx,2.30%,17.2MiB / 7.317GiB,0.23%,2.87GB / 2.91GB,8.34MB / 4.1kB
23:54:43,facultylens-perf-redis,5.52%,25.62MiB / 7.317GiB,0.34%,252MB / 4.97GB,39.5MB / 181MB
23:54:43,facultylens-perf-mysql,31.30%,939MiB / 7.317GiB,12.53%,438MB / 6.89GB,358MB / 1.66GB
23:54:51,facultylens-perf-scheduler,0.06%,32.3MiB / 7.317GiB,0.43%,1.88kB / 911B,0B / 709kB
23:54:51,facultylens-perf-worker,0.01%,44.03MiB / 7.317GiB,0.59%,708kB / 1.25MB,147kB / 709kB
23:54:51,facultylens-perf-app,52.15%,117.8MiB / 7.317GiB,1.57%,12GB / 3.5GB,6.33MB / 5.94MB
23:54:51,facultylens-perf-ai-service,0.08%,468.6MiB / 7.317GiB,6.25%,436kB / 96kB,326MB / 0B
23:54:51,facultylens-perf-nginx,1.44%,16.98MiB / 7.317GiB,0.23%,2.88GB / 2.92GB,8.34MB / 4.1kB
23:54:51,facultylens-perf-redis,2.09%,25.2MiB / 7.317GiB,0.34%,253MB / 4.99GB,39.6MB / 182MB
23:54:51,facultylens-perf-mysql,33.77%,938.7MiB / 7.317GiB,12.53%,440MB / 6.91GB,358MB / 1.67GB
23:54:58,facultylens-perf-scheduler,11.71%,32.29MiB / 7.317GiB,0.43%,1.88kB / 911B,0B / 709kB
23:54:58,facultylens-perf-worker,0.01%,44.03MiB / 7.317GiB,0.59%,709kB / 1.25MB,147kB / 709kB
23:54:58,facultylens-perf-app,42.29%,110.3MiB / 7.317GiB,1.47%,12.1GB / 3.52GB,6.33MB / 5.96MB
23:54:58,facultylens-perf-ai-service,0.08%,468.6MiB / 7.317GiB,6.25%,436kB / 96kB,326MB / 0B
23:54:58,facultylens-perf-nginx,1.81%,17.04MiB / 7.317GiB,0.23%,2.89GB / 2.93GB,8.34MB / 4.1kB
23:54:58,facultylens-perf-redis,2.31%,25.16MiB / 7.317GiB,0.34%,254MB / 5.01GB,39.6MB / 182MB
23:54:58,facultylens-perf-mysql,23.43%,939.3MiB / 7.317GiB,12.54%,442MB / 6.93GB,358MB / 1.68GB
23:55:05,facultylens-perf-scheduler,0.06%,32.29MiB / 7.317GiB,0.43%,1.88kB / 911B,0B / 709kB
23:55:05,facultylens-perf-worker,0.00%,44.03MiB / 7.317GiB,0.59%,710kB / 1.26MB,147kB / 709kB
23:55:05,facultylens-perf-app,68.75%,110.3MiB / 7.317GiB,1.47%,12.1GB / 3.53GB,6.33MB / 5.98MB
23:55:05,facultylens-perf-ai-service,0.08%,468.6MiB / 7.317GiB,6.25%,436kB / 96kB,326MB / 0B
23:55:05,facultylens-perf-nginx,1.11%,17.05MiB / 7.317GiB,0.23%,2.9GB / 2.94GB,8.34MB / 4.1kB
23:55:05,facultylens-perf-redis,1.66%,25.36MiB / 7.317GiB,0.34%,255MB / 5.04GB,39.6MB / 183MB
23:55:05,facultylens-perf-mysql,15.50%,938.8MiB / 7.317GiB,12.53%,444MB / 6.94GB,358MB / 1.68GB
23:55:13,facultylens-perf-scheduler,0.06%,32.29MiB / 7.317GiB,0.43%,1.88kB / 911B,0B / 709kB
23:55:13,facultylens-perf-worker,0.00%,44.03MiB / 7.317GiB,0.59%,711kB / 1.26MB,147kB / 709kB
23:55:13,facultylens-perf-app,26.22%,112MiB / 7.317GiB,1.50%,12.1GB / 3.55GB,6.33MB / 6MB
23:55:13,facultylens-perf-ai-service,0.11%,468.6MiB / 7.317GiB,6.25%,436kB / 96kB,326MB / 0B
23:55:13,facultylens-perf-nginx,1.12%,17MiB / 7.317GiB,0.23%,2.91GB / 2.96GB,8.34MB / 4.1kB
23:55:13,facultylens-perf-redis,1.67%,25.35MiB / 7.317GiB,0.34%,255MB / 5.05GB,39.7MB / 183MB
23:55:13,facultylens-perf-mysql,15.80%,939.3MiB / 7.317GiB,12.54%,446MB / 6.96GB,358MB / 1.69GB
23:55:20,facultylens-perf-scheduler,0.06%,32.29MiB / 7.317GiB,0.43%,1.88kB / 911B,0B / 709kB
23:55:20,facultylens-perf-worker,0.00%,44.03MiB / 7.317GiB,0.59%,711kB / 1.27MB,147kB / 709kB
23:55:20,facultylens-perf-app,80.48%,106.8MiB / 7.317GiB,1.43%,12.2GB / 3.56GB,6.33MB / 6.03MB
23:55:20,facultylens-perf-ai-service,0.08%,468.6MiB / 7.317GiB,6.25%,436kB / 96kB,326MB / 0B
23:55:20,facultylens-perf-nginx,1.13%,17.04MiB / 7.317GiB,0.23%,2.92GB / 2.96GB,8.34MB / 4.1kB
23:55:20,facultylens-perf-redis,3.98%,25.18MiB / 7.317GiB,0.34%,256MB / 5.08GB,39.7MB / 183MB
23:55:20,facultylens-perf-mysql,48.66%,939.4MiB / 7.317GiB,12.54%,447MB / 6.97GB,358MB / 1.7GB
23:55:27,facultylens-perf-scheduler,0.06%,32.29MiB / 7.317GiB,0.43%,1.88kB / 911B,0B / 709kB
23:55:27,facultylens-perf-worker,0.07%,44.04MiB / 7.317GiB,0.59%,712kB / 1.27MB,147kB / 709kB
23:55:27,facultylens-perf-app,68.73%,115MiB / 7.317GiB,1.53%,12.2GB / 3.58GB,6.33MB / 6.05MB
23:55:27,facultylens-perf-ai-service,0.09%,468.6MiB / 7.317GiB,6.25%,436kB / 96kB,326MB / 0B
23:55:27,facultylens-perf-nginx,2.31%,17.02MiB / 7.317GiB,0.23%,2.94GB / 2.98GB,8.34MB / 4.1kB
23:55:27,facultylens-perf-redis,3.14%,25.14MiB / 7.317GiB,0.34%,257MB / 5.1GB,39.7MB / 186MB
23:55:27,facultylens-perf-mysql,45.60%,938.9MiB / 7.317GiB,12.53%,449MB / 6.99GB,358MB / 1.7GB
23:55:34,facultylens-perf-scheduler,0.06%,32.29MiB / 7.317GiB,0.43%,1.88kB / 911B,0B / 709kB
23:55:34,facultylens-perf-worker,0.00%,44.03MiB / 7.317GiB,0.59%,712kB / 1.27MB,147kB / 709kB
23:55:34,facultylens-perf-app,21.54%,113MiB / 7.317GiB,1.51%,12.2GB / 3.59GB,6.33MB / 6.07MB
23:55:34,facultylens-perf-ai-service,0.10%,468.6MiB / 7.317GiB,6.25%,436kB / 96kB,326MB / 0B
23:55:34,facultylens-perf-nginx,0.77%,17MiB / 7.317GiB,0.23%,2.95GB / 2.99GB,8.34MB / 4.1kB
23:55:34,facultylens-perf-redis,1.82%,23.57MiB / 7.317GiB,0.31%,258MB / 5.12GB,39.7MB / 186MB
23:55:34,facultylens-perf-mysql,10.68%,939.2MiB / 7.317GiB,12.54%,451MB / 7GB,358MB / 1.71GB
23:55:42,facultylens-perf-scheduler,0.06%,32.29MiB / 7.317GiB,0.43%,1.88kB / 911B,0B / 709kB
23:55:42,facultylens-perf-worker,0.00%,44.03MiB / 7.317GiB,0.59%,713kB / 1.28MB,147kB / 709kB
23:55:42,facultylens-perf-app,31.89%,110.6MiB / 7.317GiB,1.48%,12.3GB / 3.61GB,6.33MB / 6.1MB
23:55:42,facultylens-perf-ai-service,0.09%,468.6MiB / 7.317GiB,6.25%,436kB / 96kB,326MB / 0B
23:55:42,facultylens-perf-nginx,1.20%,17MiB / 7.317GiB,0.23%,2.96GB / 3.01GB,8.34MB / 4.1kB
23:55:42,facultylens-perf-redis,1.87%,25.28MiB / 7.317GiB,0.34%,259MB / 5.14GB,39.8MB / 187MB
23:55:42,facultylens-perf-mysql,20.45%,939MiB / 7.317GiB,12.53%,453MB / 7.03GB,358MB / 1.71GB
23:55:49,facultylens-perf-scheduler,0.07%,32.29MiB / 7.317GiB,0.43%,1.88kB / 911B,0B / 709kB
23:55:49,facultylens-perf-worker,0.07%,44.03MiB / 7.317GiB,0.59%,714kB / 1.28MB,147kB / 709kB
23:55:49,facultylens-perf-app,26.11%,113.6MiB / 7.317GiB,1.52%,12.3GB / 3.62GB,6.33MB / 6.12MB
23:55:49,facultylens-perf-ai-service,0.09%,468.6MiB / 7.317GiB,6.25%,436kB / 96kB,326MB / 0B
23:55:49,facultylens-perf-nginx,0.86%,17.27MiB / 7.317GiB,0.23%,2.98GB / 3.02GB,8.34MB / 4.1kB
23:55:49,facultylens-perf-redis,1.53%,24.25MiB / 7.317GiB,0.32%,259MB / 5.16GB,39.8MB / 187MB
23:55:49,facultylens-perf-mysql,19.22%,939.2MiB / 7.317GiB,12.54%,455MB / 7.05GB,358MB / 1.72GB
23:55:56,facultylens-perf-scheduler,0.06%,32.29MiB / 7.317GiB,0.43%,1.88kB / 911B,0B / 709kB
23:55:56,facultylens-perf-worker,0.07%,44.03MiB / 7.317GiB,0.59%,715kB / 1.29MB,147kB / 709kB
23:55:56,facultylens-perf-app,99.06%,114MiB / 7.317GiB,1.52%,12.4GB / 3.64GB,6.33MB / 6.14MB
23:55:56,facultylens-perf-ai-service,0.10%,468.6MiB / 7.317GiB,6.25%,436kB / 96kB,326MB / 0B
23:55:56,facultylens-perf-nginx,3.27%,17MiB / 7.317GiB,0.23%,2.99GB / 3.03GB,8.34MB / 4.1kB
23:55:56,facultylens-perf-redis,4.44%,24.48MiB / 7.317GiB,0.33%,260MB / 5.19GB,39.8MB / 187MB
23:55:56,facultylens-perf-mysql,60.42%,939.2MiB / 7.317GiB,12.54%,457MB / 7.07GB,358MB / 1.73GB
23:56:03,facultylens-perf-scheduler,0.06%,32.3MiB / 7.317GiB,0.43%,1.88kB / 911B,0B / 709kB
23:56:03,facultylens-perf-worker,0.00%,44.03MiB / 7.317GiB,0.59%,716kB / 1.29MB,147kB / 709kB
23:56:03,facultylens-perf-app,57.01%,111MiB / 7.317GiB,1.48%,12.4GB / 3.65GB,6.33MB / 6.17MB
23:56:03,facultylens-perf-ai-service,0.08%,468.6MiB / 7.317GiB,6.25%,436kB / 96kB,326MB / 0B
23:56:03,facultylens-perf-nginx,2.11%,17.16MiB / 7.317GiB,0.23%,3GB / 3.04GB,8.34MB / 4.1kB
23:56:03,facultylens-perf-redis,1.45%,25.23MiB / 7.317GiB,0.34%,261MB / 5.2GB,39.9MB / 188MB
23:56:03,facultylens-perf-mysql,37.10%,939.5MiB / 7.317GiB,12.54%,459MB / 7.1GB,358MB / 1.73GB
23:56:11,facultylens-perf-scheduler,0.06%,32.3MiB / 7.317GiB,0.43%,1.88kB / 911B,0B / 709kB
23:56:11,facultylens-perf-worker,0.00%,44.03MiB / 7.317GiB,0.59%,717kB / 1.29MB,147kB / 709kB
23:56:11,facultylens-perf-app,31.91%,115.9MiB / 7.317GiB,1.55%,12.5GB / 3.66GB,6.33MB / 6.19MB
23:56:11,facultylens-perf-ai-service,0.09%,468.6MiB / 7.317GiB,6.25%,436kB / 96kB,326MB / 0B
23:56:11,facultylens-perf-nginx,0.96%,17MiB / 7.317GiB,0.23%,3.01GB / 3.05GB,8.34MB / 4.1kB
23:56:11,facultylens-perf-redis,1.52%,25.1MiB / 7.317GiB,0.34%,262MB / 5.22GB,39.9MB / 188MB
23:56:11,facultylens-perf-mysql,27.92%,939.3MiB / 7.317GiB,12.54%,461MB / 7.11GB,358MB / 1.74GB
23:56:18,facultylens-perf-scheduler,0.06%,32.3MiB / 7.317GiB,0.43%,1.88kB / 911B,0B / 709kB
23:56:18,facultylens-perf-worker,0.00%,44.03MiB / 7.317GiB,0.59%,717kB / 1.3MB,147kB / 709kB
23:56:18,facultylens-perf-app,79.16%,116.4MiB / 7.317GiB,1.55%,12.5GB / 3.68GB,6.33MB / 6.21MB
23:56:18,facultylens-perf-ai-service,0.09%,468.6MiB / 7.317GiB,6.25%,436kB / 96kB,326MB / 0B
23:56:18,facultylens-perf-nginx,1.27%,16.99MiB / 7.317GiB,0.23%,3.03GB / 3.07GB,8.34MB / 4.1kB
23:56:18,facultylens-perf-redis,1.93%,25.02MiB / 7.317GiB,0.33%,263MB / 5.25GB,39.9MB / 189MB
23:56:18,facultylens-perf-mysql,15.91%,939.1MiB / 7.317GiB,12.53%,463MB / 7.13GB,358MB / 1.75GB
23:56:25,facultylens-perf-scheduler,0.07%,32.3MiB / 7.317GiB,0.43%,1.88kB / 911B,0B / 709kB
23:56:25,facultylens-perf-worker,0.06%,44.03MiB / 7.317GiB,0.59%,718kB / 1.3MB,147kB / 709kB
23:56:25,facultylens-perf-app,33.43%,113.8MiB / 7.317GiB,1.52%,12.5GB / 3.69GB,6.33MB / 6.23MB
23:56:25,facultylens-perf-ai-service,0.10%,468.6MiB / 7.317GiB,6.25%,436kB / 96kB,326MB / 0B
23:56:25,facultylens-perf-nginx,1.15%,17.04MiB / 7.317GiB,0.23%,3.04GB / 3.08GB,8.34MB / 4.1kB
23:56:25,facultylens-perf-redis,1.81%,24.32MiB / 7.317GiB,0.32%,264MB / 5.27GB,40MB / 189MB
23:56:25,facultylens-perf-mysql,21.75%,939.1MiB / 7.317GiB,12.53%,464MB / 7.14GB,358MB / 1.75GB
23:56:33,facultylens-perf-scheduler,0.06%,32.3MiB / 7.317GiB,0.43%,1.88kB / 911B,0B / 709kB
23:56:33,facultylens-perf-worker,0.00%,44.03MiB / 7.317GiB,0.59%,718kB / 1.3MB,147kB / 709kB
23:56:33,facultylens-perf-app,59.86%,107.5MiB / 7.317GiB,1.43%,12.6GB / 3.71GB,6.33MB / 6.26MB
23:56:33,facultylens-perf-ai-service,0.09%,468.6MiB / 7.317GiB,6.25%,436kB / 96kB,326MB / 0B
23:56:33,facultylens-perf-nginx,2.76%,17.35MiB / 7.317GiB,0.23%,3.05GB / 3.09GB,8.34MB / 4.1kB
23:56:33,facultylens-perf-redis,3.61%,25.63MiB / 7.317GiB,0.34%,264MB / 5.29GB,40MB / 189MB
23:56:33,facultylens-perf-mysql,33.20%,939.1MiB / 7.317GiB,12.53%,466MB / 7.15GB,358MB / 1.76GB
23:56:40,facultylens-perf-scheduler,0.07%,32.3MiB / 7.317GiB,0.43%,1.88kB / 911B,0B / 709kB
23:56:40,facultylens-perf-worker,0.00%,44.03MiB / 7.317GiB,0.59%,719kB / 1.31MB,147kB / 709kB
23:56:40,facultylens-perf-app,35.79%,107.5MiB / 7.317GiB,1.43%,12.6GB / 3.72GB,6.33MB / 6.28MB
23:56:40,facultylens-perf-ai-service,0.10%,468.6MiB / 7.317GiB,6.25%,436kB / 96kB,326MB / 0B
23:56:40,facultylens-perf-nginx,3.59%,17MiB / 7.317GiB,0.23%,3.06GB / 3.1GB,8.34MB / 4.1kB
23:56:40,facultylens-perf-redis,2.27%,25.23MiB / 7.317GiB,0.34%,265MB / 5.31GB,40MB / 189MB
23:56:40,facultylens-perf-mysql,20.55%,939.1MiB / 7.317GiB,12.54%,467MB / 7.16GB,358MB / 1.76GB
23:56:47,facultylens-perf-scheduler,0.06%,32.3MiB / 7.317GiB,0.43%,1.88kB / 911B,0B / 709kB
23:56:47,facultylens-perf-worker,0.00%,44.03MiB / 7.317GiB,0.59%,719kB / 1.31MB,147kB / 709kB
23:56:47,facultylens-perf-app,32.74%,110.8MiB / 7.317GiB,1.48%,12.6GB / 3.74GB,6.33MB / 6.3MB
23:56:47,facultylens-perf-ai-service,0.10%,468.6MiB / 7.317GiB,6.25%,436kB / 96kB,326MB / 0B
23:56:47,facultylens-perf-nginx,1.41%,17MiB / 7.317GiB,0.23%,3.07GB / 3.12GB,8.34MB / 4.1kB
23:56:47,facultylens-perf-redis,1.87%,25.35MiB / 7.317GiB,0.34%,266MB / 5.34GB,40MB / 189MB
23:56:47,facultylens-perf-mysql,14.64%,939.1MiB / 7.317GiB,12.53%,469MB / 7.16GB,358MB / 1.77GB
23:56:54,facultylens-perf-scheduler,0.08%,32.3MiB / 7.317GiB,0.43%,1.88kB / 911B,0B / 709kB
23:56:54,facultylens-perf-worker,0.00%,44.03MiB / 7.317GiB,0.59%,720kB / 1.31MB,147kB / 709kB
23:56:54,facultylens-perf-app,42.27%,107.9MiB / 7.317GiB,1.44%,12.7GB / 3.75GB,6.33MB / 6.33MB
23:56:54,facultylens-perf-ai-service,0.09%,468.6MiB / 7.317GiB,6.25%,436kB / 96kB,326MB / 0B
23:56:54,facultylens-perf-nginx,1.77%,17MiB / 7.317GiB,0.23%,3.09GB / 3.13GB,8.34MB / 4.1kB
23:56:54,facultylens-perf-redis,4.79%,25.34MiB / 7.317GiB,0.34%,266MB / 5.36GB,40.1MB / 190MB
23:56:54,facultylens-perf-mysql,21.94%,939.2MiB / 7.317GiB,12.54%,470MB / 7.17GB,358MB / 1.78GB
23:57:02,facultylens-perf-scheduler,0.07%,32.29MiB / 7.317GiB,0.43%,1.88kB / 911B,0B / 709kB
23:57:02,facultylens-perf-worker,14.04%,44.46MiB / 7.317GiB,0.59%,721kB / 1.32MB,147kB / 709kB
23:57:02,facultylens-perf-app,24.15%,110.1MiB / 7.317GiB,1.47%,12.7GB / 3.76GB,6.33MB / 6.35MB
23:57:02,facultylens-perf-ai-service,0.08%,468.6MiB / 7.317GiB,6.25%,436kB / 96kB,326MB / 0B
23:57:02,facultylens-perf-nginx,1.16%,17.02MiB / 7.317GiB,0.23%,3.1GB / 3.14GB,8.34MB / 4.1kB
23:57:02,facultylens-perf-redis,1.91%,26.04MiB / 7.317GiB,0.35%,267MB / 5.38GB,40.1MB / 190MB
23:57:02,facultylens-perf-mysql,17.18%,939.2MiB / 7.317GiB,12.54%,472MB / 7.17GB,358MB / 1.78GB
23:57:09,facultylens-perf-scheduler,0.06%,32.29MiB / 7.317GiB,0.43%,1.88kB / 911B,0B / 709kB
23:57:09,facultylens-perf-worker,0.00%,44.03MiB / 7.317GiB,0.59%,722kB / 1.32MB,147kB / 709kB
23:57:09,facultylens-perf-app,61.78%,110.7MiB / 7.317GiB,1.48%,12.7GB / 3.78GB,6.33MB / 6.37MB
23:57:09,facultylens-perf-ai-service,0.11%,468.6MiB / 7.317GiB,6.25%,436kB / 96kB,326MB / 0B
23:57:09,facultylens-perf-nginx,1.38%,17.17MiB / 7.317GiB,0.23%,3.11GB / 3.15GB,8.34MB / 4.1kB
23:57:09,facultylens-perf-redis,3.53%,25.13MiB / 7.317GiB,0.34%,267MB / 5.4GB,40.1MB / 190MB
23:57:09,facultylens-perf-mysql,34.24%,939.2MiB / 7.317GiB,12.54%,473MB / 7.18GB,358MB / 1.79GB
23:57:16,facultylens-perf-scheduler,0.07%,32.29MiB / 7.317GiB,0.43%,1.88kB / 911B,0B / 709kB
23:57:16,facultylens-perf-worker,0.00%,44.03MiB / 7.317GiB,0.59%,722kB / 1.33MB,147kB / 709kB
23:57:16,facultylens-perf-app,40.90%,111.2MiB / 7.317GiB,1.48%,12.7GB / 3.79GB,6.33MB / 6.39MB
23:57:16,facultylens-perf-ai-service,0.09%,468.6MiB / 7.317GiB,6.25%,436kB / 96kB,326MB / 0B
23:57:16,facultylens-perf-nginx,1.68%,17.01MiB / 7.317GiB,0.23%,3.12GB / 3.17GB,8.34MB / 4.1kB
23:57:16,facultylens-perf-redis,2.39%,24.7MiB / 7.317GiB,0.33%,268MB / 5.42GB,40.2MB / 190MB
23:57:16,facultylens-perf-mysql,20.96%,939.2MiB / 7.317GiB,12.54%,475MB / 7.18GB,358MB / 1.8GB
23:57:23,facultylens-perf-scheduler,0.06%,32.29MiB / 7.317GiB,0.43%,1.88kB / 911B,0B / 709kB
23:57:23,facultylens-perf-worker,0.00%,44.03MiB / 7.317GiB,0.59%,723kB / 1.33MB,147kB / 709kB
23:57:23,facultylens-perf-app,32.49%,109.1MiB / 7.317GiB,1.46%,12.8GB / 3.8GB,6.33MB / 6.42MB
23:57:23,facultylens-perf-ai-service,0.09%,468.6MiB / 7.317GiB,6.25%,436kB / 96kB,326MB / 0B
23:57:23,facultylens-perf-nginx,1.37%,17MiB / 7.317GiB,0.23%,3.13GB / 3.18GB,8.34MB / 4.1kB
23:57:23,facultylens-perf-redis,2.01%,25.37MiB / 7.317GiB,0.34%,268MB / 5.45GB,40.2MB / 190MB
23:57:23,facultylens-perf-mysql,16.07%,939.3MiB / 7.317GiB,12.54%,476MB / 7.19GB,358MB / 1.8GB
23:57:31,facultylens-perf-scheduler,0.06%,32.29MiB / 7.317GiB,0.43%,1.88kB / 911B,0B / 709kB
23:57:31,facultylens-perf-worker,0.00%,44.03MiB / 7.317GiB,0.59%,724kB / 1.33MB,147kB / 709kB
23:57:31,facultylens-perf-app,45.81%,110.9MiB / 7.317GiB,1.48%,12.8GB / 3.82GB,6.33MB / 6.45MB
23:57:31,facultylens-perf-ai-service,2.99%,468.9MiB / 7.317GiB,6.26%,436kB / 96kB,326MB / 0B
23:57:31,facultylens-perf-nginx,1.87%,17MiB / 7.317GiB,0.23%,3.15GB / 3.19GB,8.34MB / 4.1kB
23:57:31,facultylens-perf-redis,2.53%,26.62MiB / 7.317GiB,0.36%,269MB / 5.47GB,40.2MB / 190MB
23:57:31,facultylens-perf-mysql,26.13%,939.3MiB / 7.317GiB,12.54%,478MB / 7.19GB,358MB / 1.81GB
23:57:38,facultylens-perf-scheduler,0.07%,32.29MiB / 7.317GiB,0.43%,1.88kB / 911B,0B / 709kB
23:57:38,facultylens-perf-worker,0.00%,44.03MiB / 7.317GiB,0.59%,724kB / 1.34MB,147kB / 709kB
23:57:38,facultylens-perf-app,43.35%,109.4MiB / 7.317GiB,1.46%,12.8GB / 3.83GB,6.33MB / 6.46MB
23:57:38,facultylens-perf-ai-service,0.09%,468.6MiB / 7.317GiB,6.25%,436kB / 96kB,326MB / 0B
23:57:38,facultylens-perf-nginx,1.14%,17.04MiB / 7.317GiB,0.23%,3.16GB / 3.2GB,8.34MB / 4.1kB
23:57:38,facultylens-perf-redis,1.72%,25.52MiB / 7.317GiB,0.34%,269MB / 5.49GB,40.2MB / 190MB
23:57:38,facultylens-perf-mysql,16.16%,939.8MiB / 7.317GiB,12.54%,479MB / 7.19GB,358MB / 1.82GB
23:57:45,facultylens-perf-scheduler,0.07%,32.29MiB / 7.317GiB,0.43%,1.88kB / 911B,0B / 709kB
23:57:45,facultylens-perf-worker,0.00%,44.03MiB / 7.317GiB,0.59%,725kB / 1.34MB,147kB / 709kB
23:57:45,facultylens-perf-app,68.67%,111.2MiB / 7.317GiB,1.48%,12.8GB / 3.85GB,6.33MB / 6.48MB
23:57:45,facultylens-perf-ai-service,0.09%,468.6MiB / 7.317GiB,6.25%,436kB / 96kB,326MB / 0B
23:57:45,facultylens-perf-nginx,2.93%,17.52MiB / 7.317GiB,0.23%,3.17GB / 3.22GB,8.34MB / 4.1kB
23:57:45,facultylens-perf-redis,3.46%,25.5MiB / 7.317GiB,0.34%,270MB / 5.51GB,40.3MB / 190MB
23:57:45,facultylens-perf-mysql,32.72%,939.8MiB / 7.317GiB,12.54%,480MB / 7.2GB,358MB / 1.82GB
23:57:52,facultylens-perf-scheduler,0.07%,32.29MiB / 7.317GiB,0.43%,1.88kB / 911B,0B / 709kB
23:57:52,facultylens-perf-worker,0.00%,44.03MiB / 7.317GiB,0.59%,725kB / 1.34MB,147kB / 709kB
23:57:52,facultylens-perf-app,39.96%,109.2MiB / 7.317GiB,1.46%,12.9GB / 3.86GB,6.33MB / 6.51MB
23:57:52,facultylens-perf-ai-service,0.11%,468.6MiB / 7.317GiB,6.25%,436kB / 96kB,326MB / 0B
23:57:52,facultylens-perf-nginx,1.75%,17MiB / 7.317GiB,0.23%,3.18GB / 3.23GB,8.34MB / 4.1kB
23:57:52,facultylens-perf-redis,2.34%,25.69MiB / 7.317GiB,0.34%,270MB / 5.53GB,40.3MB / 190MB
23:57:52,facultylens-perf-mysql,22.02%,939.6MiB / 7.317GiB,12.54%,482MB / 7.2GB,358MB / 1.83GB
23:58:00,facultylens-perf-scheduler,0.07%,32.3MiB / 7.317GiB,0.43%,1.88kB / 911B,0B / 709kB
23:58:00,facultylens-perf-worker,0.00%,44.03MiB / 7.317GiB,0.59%,726kB / 1.35MB,147kB / 709kB
23:58:00,facultylens-perf-app,39.54%,110.8MiB / 7.317GiB,1.48%,12.9GB / 3.87GB,6.33MB / 6.53MB
23:58:00,facultylens-perf-ai-service,2.89%,468.7MiB / 7.317GiB,6.26%,436kB / 96kB,326MB / 0B
23:58:00,facultylens-perf-nginx,1.46%,16.99MiB / 7.317GiB,0.23%,3.2GB / 3.24GB,8.34MB / 4.1kB
23:58:00,facultylens-perf-redis,1.77%,25.44MiB / 7.317GiB,0.34%,271MB / 5.55GB,40.3MB / 190MB
23:58:00,facultylens-perf-mysql,16.82%,939.4MiB / 7.317GiB,12.54%,483MB / 7.21GB,358MB / 1.83GB
23:58:07,facultylens-perf-scheduler,0.07%,32.3MiB / 7.317GiB,0.43%,1.88kB / 911B,0B / 709kB
23:58:07,facultylens-perf-worker,0.00%,44.03MiB / 7.317GiB,0.59%,727kB / 1.35MB,147kB / 709kB
23:58:07,facultylens-perf-app,35.80%,107.6MiB / 7.317GiB,1.44%,12.9GB / 3.89GB,6.33MB / 6.55MB
23:58:07,facultylens-perf-ai-service,0.11%,468.6MiB / 7.317GiB,6.25%,436kB / 96kB,326MB / 0B
23:58:07,facultylens-perf-nginx,1.72%,17.04MiB / 7.317GiB,0.23%,3.21GB / 3.25GB,8.34MB / 4.1kB
23:58:07,facultylens-perf-redis,3.59%,27.38MiB / 7.317GiB,0.37%,273MB / 5.57GB,40.4MB / 192MB
23:58:07,facultylens-perf-mysql,20.01%,939.4MiB / 7.317GiB,12.54%,485MB / 7.21GB,358MB / 1.84GB
23:58:14,facultylens-perf-scheduler,0.07%,32.3MiB / 7.317GiB,0.43%,1.88kB / 911B,0B / 709kB
23:58:14,facultylens-perf-worker,0.01%,44.03MiB / 7.317GiB,0.59%,728kB / 1.35MB,147kB / 709kB
23:58:14,facultylens-perf-app,22.13%,111.1MiB / 7.317GiB,1.48%,12.9GB / 3.91GB,6.33MB / 6.58MB
23:58:14,facultylens-perf-ai-service,0.10%,468.6MiB / 7.317GiB,6.25%,436kB / 96kB,326MB / 0B
23:58:14,facultylens-perf-nginx,0.90%,17.5MiB / 7.317GiB,0.23%,3.22GB / 3.26GB,8.34MB / 4.1kB
23:58:14,facultylens-perf-redis,3.72%,23.86MiB / 7.317GiB,0.32%,276MB / 5.6GB,40.4MB / 195MB
23:58:14,facultylens-perf-mysql,13.18%,939.7MiB / 7.317GiB,12.54%,486MB / 7.22GB,358MB / 1.85GB
23:58:21,facultylens-perf-scheduler,0.06%,32.3MiB / 7.317GiB,0.43%,1.88kB / 911B,0B / 709kB
23:58:21,facultylens-perf-worker,0.01%,44.03MiB / 7.317GiB,0.59%,728kB / 1.36MB,147kB / 709kB
23:58:21,facultylens-perf-app,56.67%,107.6MiB / 7.317GiB,1.44%,13GB / 3.92GB,6.33MB / 6.6MB
23:58:21,facultylens-perf-ai-service,0.10%,468.6MiB / 7.317GiB,6.25%,436kB / 96kB,326MB / 0B
23:58:21,facultylens-perf-nginx,2.49%,17.06MiB / 7.317GiB,0.23%,3.23GB / 3.28GB,8.34MB / 4.1kB
23:58:21,facultylens-perf-redis,2.99%,25.88MiB / 7.317GiB,0.35%,277MB / 5.62GB,40.4MB / 195MB
23:58:21,facultylens-perf-mysql,30.12%,939.5MiB / 7.317GiB,12.54%,488MB / 7.22GB,358MB / 1.85GB
23:58:29,facultylens-perf-scheduler,0.08%,32.3MiB / 7.317GiB,0.43%,1.88kB / 911B,0B / 709kB
23:58:29,facultylens-perf-worker,0.01%,44.03MiB / 7.317GiB,0.59%,729kB / 1.36MB,147kB / 709kB
23:58:29,facultylens-perf-app,42.92%,109.2MiB / 7.317GiB,1.46%,13GB / 3.94GB,6.33MB / 6.63MB
23:58:29,facultylens-perf-ai-service,0.10%,468.6MiB / 7.317GiB,6.25%,436kB / 96kB,326MB / 0B
23:58:29,facultylens-perf-nginx,1.75%,17MiB / 7.317GiB,0.23%,3.25GB / 3.29GB,8.34MB / 4.1kB
23:58:29,facultylens-perf-redis,2.50%,25.3MiB / 7.317GiB,0.34%,278MB / 5.64GB,40.5MB / 195MB
23:58:29,facultylens-perf-mysql,22.71%,939.5MiB / 7.317GiB,12.54%,489MB / 7.23GB,358MB / 1.86GB
23:58:36,facultylens-perf-scheduler,0.08%,32.3MiB / 7.317GiB,0.43%,1.88kB / 911B,0B / 709kB
23:58:36,facultylens-perf-worker,0.00%,44.03MiB / 7.317GiB,0.59%,729kB / 1.36MB,147kB / 709kB
23:58:36,facultylens-perf-app,36.25%,109.2MiB / 7.317GiB,1.46%,13GB / 3.95GB,6.33MB / 6.64MB
23:58:36,facultylens-perf-ai-service,0.11%,468.6MiB / 7.317GiB,6.25%,436kB / 96kB,326MB / 0B
23:58:36,facultylens-perf-nginx,1.39%,17MiB / 7.317GiB,0.23%,3.26GB / 3.3GB,8.34MB / 4.1kB
23:58:36,facultylens-perf-redis,2.04%,24.88MiB / 7.317GiB,0.33%,279MB / 5.66GB,40.5MB / 196MB
23:58:36,facultylens-perf-mysql,15.80%,939.5MiB / 7.317GiB,12.54%,491MB / 7.23GB,358MB / 1.86GB
23:58:43,facultylens-perf-scheduler,0.07%,32.3MiB / 7.317GiB,0.43%,1.88kB / 911B,0B / 709kB
23:58:43,facultylens-perf-worker,0.00%,44.03MiB / 7.317GiB,0.59%,730kB / 1.37MB,147kB / 709kB
23:58:43,facultylens-perf-app,35.49%,109.4MiB / 7.317GiB,1.46%,13.1GB / 3.96GB,6.33MB / 6.67MB
23:58:43,facultylens-perf-ai-service,0.09%,468.6MiB / 7.317GiB,6.25%,436kB / 96kB,326MB / 0B
23:58:43,facultylens-perf-nginx,2.59%,17.11MiB / 7.317GiB,0.23%,3.27GB / 3.31GB,8.34MB / 4.1kB
23:58:43,facultylens-perf-redis,3.52%,25.66MiB / 7.317GiB,0.34%,279MB / 5.68GB,40.5MB / 196MB
23:58:43,facultylens-perf-mysql,20.83%,939.5MiB / 7.317GiB,12.54%,492MB / 7.24GB,358MB / 1.87GB
23:58:51,facultylens-perf-scheduler,0.07%,32.3MiB / 7.317GiB,0.43%,1.88kB / 911B,0B / 709kB
23:58:51,facultylens-perf-worker,0.00%,44.03MiB / 7.317GiB,0.59%,731kB / 1.37MB,147kB / 709kB
23:58:51,facultylens-perf-app,18.12%,109.5MiB / 7.317GiB,1.46%,13.1GB / 3.98GB,6.33MB / 6.69MB
23:58:51,facultylens-perf-ai-service,0.09%,468.6MiB / 7.317GiB,6.25%,436kB / 96kB,326MB / 0B
23:58:51,facultylens-perf-nginx,0.87%,17.01MiB / 7.317GiB,0.23%,3.28GB / 3.33GB,8.34MB / 4.1kB
23:58:51,facultylens-perf-redis,1.36%,25.91MiB / 7.317GiB,0.35%,280MB / 5.71GB,40.5MB / 196MB
23:58:51,facultylens-perf-mysql,12.60%,939.6MiB / 7.317GiB,12.54%,493MB / 7.24GB,358MB / 1.88GB
23:58:58,facultylens-perf-scheduler,14.95%,32.47MiB / 7.317GiB,0.43%,1.88kB / 911B,0B / 709kB
23:58:58,facultylens-perf-worker,0.00%,44.03MiB / 7.317GiB,0.59%,731kB / 1.38MB,147kB / 709kB
23:58:58,facultylens-perf-app,62.81%,110.9MiB / 7.317GiB,1.48%,13.1GB / 3.99GB,6.33MB / 6.72MB
23:58:58,facultylens-perf-ai-service,0.07%,468.6MiB / 7.317GiB,6.25%,436kB / 96kB,326MB / 0B
23:58:58,facultylens-perf-nginx,1.61%,17.02MiB / 7.317GiB,0.23%,3.29GB / 3.34GB,8.34MB / 4.1kB
23:58:58,facultylens-perf-redis,3.39%,26.2MiB / 7.317GiB,0.35%,281MB / 5.73GB,40.6MB / 196MB
23:58:58,facultylens-perf-mysql,33.25%,939.6MiB / 7.317GiB,12.54%,495MB / 7.25GB,358MB / 1.88GB
23:59:05,facultylens-perf-scheduler,0.07%,32.29MiB / 7.317GiB,0.43%,1.88kB / 911B,0B / 709kB
23:59:05,facultylens-perf-worker,0.01%,44.03MiB / 7.317GiB,0.59%,733kB / 1.38MB,147kB / 709kB
23:59:05,facultylens-perf-app,46.44%,112.8MiB / 7.317GiB,1.51%,13.1GB / 4.01GB,6.33MB / 6.74MB
23:59:05,facultylens-perf-ai-service,0.09%,468.6MiB / 7.317GiB,6.25%,436kB / 96kB,326MB / 0B
23:59:05,facultylens-perf-nginx,1.84%,17.02MiB / 7.317GiB,0.23%,3.31GB / 3.35GB,8.34MB / 4.1kB
23:59:05,facultylens-perf-redis,2.45%,24.97MiB / 7.317GiB,0.33%,281MB / 5.75GB,40.6MB / 196MB
23:59:05,facultylens-perf-mysql,22.77%,939.6MiB / 7.317GiB,12.54%,496MB / 7.25GB,358MB / 1.89GB
23:59:12,facultylens-perf-scheduler,0.08%,32.29MiB / 7.317GiB,0.43%,1.88kB / 911B,0B / 709kB
23:59:12,facultylens-perf-worker,0.00%,44.03MiB / 7.317GiB,0.59%,733kB / 1.38MB,147kB / 709kB
23:59:12,facultylens-perf-app,25.77%,113.5MiB / 7.317GiB,1.52%,13.2GB / 4.02GB,6.33MB / 6.76MB
23:59:12,facultylens-perf-ai-service,0.12%,468.6MiB / 7.317GiB,6.25%,436kB / 96kB,326MB / 0B
23:59:12,facultylens-perf-nginx,1.72%,17MiB / 7.317GiB,0.23%,3.32GB / 3.36GB,8.34MB / 4.1kB
23:59:12,facultylens-perf-redis,2.40%,24.98MiB / 7.317GiB,0.33%,282MB / 5.77GB,40.6MB / 196MB
23:59:12,facultylens-perf-mysql,18.12%,939.7MiB / 7.317GiB,12.54%,498MB / 7.26GB,358MB / 1.89GB
23:59:20,facultylens-perf-scheduler,0.06%,32.29MiB / 7.317GiB,0.43%,1.88kB / 911B,0B / 709kB
23:59:20,facultylens-perf-worker,0.00%,44.03MiB / 7.317GiB,0.59%,734kB / 1.39MB,147kB / 709kB
23:59:20,facultylens-perf-app,90.80%,175.8MiB / 7.317GiB,2.35%,13.3GB / 4.04GB,6.33MB / 6.78MB
23:59:20,facultylens-perf-ai-service,0.09%,468.6MiB / 7.317GiB,6.25%,436kB / 96kB,326MB / 0B
23:59:20,facultylens-perf-nginx,2.04%,17MiB / 7.317GiB,0.23%,3.33GB / 3.38GB,8.34MB / 4.1kB
23:59:20,facultylens-perf-redis,3.02%,25.18MiB / 7.317GiB,0.34%,283MB / 5.79GB,40.7MB / 197MB
23:59:20,facultylens-perf-mysql,82.00%,939.9MiB / 7.317GiB,12.55%,500MB / 7.33GB,358MB / 1.9GB
23:59:27,facultylens-perf-scheduler,0.07%,32.29MiB / 7.317GiB,0.43%,1.88kB / 911B,0B / 709kB
23:59:27,facultylens-perf-worker,0.06%,44.03MiB / 7.317GiB,0.59%,735kB / 1.39MB,147kB / 709kB
23:59:27,facultylens-perf-app,27.10%,170.3MiB / 7.317GiB,2.27%,13.4GB / 4.05GB,6.33MB / 6.8MB
23:59:27,facultylens-perf-ai-service,0.08%,468.6MiB / 7.317GiB,6.25%,436kB / 96kB,326MB / 0B
23:59:27,facultylens-perf-nginx,2.54%,17MiB / 7.317GiB,0.23%,3.34GB / 3.39GB,8.34MB / 4.1kB
23:59:27,facultylens-perf-redis,3.33%,25.34MiB / 7.317GiB,0.34%,286MB / 5.81GB,40.7MB / 200MB
23:59:27,facultylens-perf-mysql,36.07%,939.8MiB / 7.317GiB,12.54%,503MB / 7.51GB,358MB / 1.91GB
23:59:34,facultylens-perf-scheduler,0.07%,32.29MiB / 7.317GiB,0.43%,1.88kB / 911B,0B / 709kB
23:59:34,facultylens-perf-worker,0.07%,44.03MiB / 7.317GiB,0.59%,735kB / 1.4MB,147kB / 709kB
23:59:34,facultylens-perf-app,12.91%,117MiB / 7.317GiB,1.56%,13.5GB / 4.06GB,6.33MB / 6.83MB
23:59:34,facultylens-perf-ai-service,0.10%,468.6MiB / 7.317GiB,6.25%,436kB / 96kB,326MB / 0B
23:59:34,facultylens-perf-nginx,0.58%,17MiB / 7.317GiB,0.23%,3.35GB / 3.4GB,8.34MB / 4.1kB
23:59:34,facultylens-perf-redis,3.69%,24.18MiB / 7.317GiB,0.32%,287MB / 5.83GB,40.7MB / 200MB
23:59:34,facultylens-perf-mysql,9.46%,939.8MiB / 7.317GiB,12.54%,504MB / 7.52GB,358MB / 1.91GB
23:59:41,facultylens-perf-scheduler,0.07%,32.29MiB / 7.317GiB,0.43%,1.88kB / 911B,0B / 709kB
23:59:41,facultylens-perf-worker,0.08%,44.03MiB / 7.317GiB,0.59%,736kB / 1.4MB,147kB / 709kB
23:59:41,facultylens-perf-app,26.16%,115.2MiB / 7.317GiB,1.54%,13.5GB / 4.08GB,6.33MB / 6.86MB
23:59:41,facultylens-perf-ai-service,0.09%,468.6MiB / 7.317GiB,6.25%,436kB / 96kB,326MB / 0B
23:59:41,facultylens-perf-nginx,0.97%,17.21MiB / 7.317GiB,0.23%,3.37GB / 3.41GB,8.34MB / 4.1kB
23:59:41,facultylens-perf-redis,1.58%,24.88MiB / 7.317GiB,0.33%,287MB / 5.85GB,40.8MB / 202MB
23:59:41,facultylens-perf-mysql,20.11%,939.9MiB / 7.317GiB,12.54%,506MB / 7.53GB,358MB / 1.92GB
23:59:49,facultylens-perf-scheduler,0.06%,32.29MiB / 7.317GiB,0.43%,1.88kB / 911B,0B / 709kB
23:59:49,facultylens-perf-worker,0.00%,44.03MiB / 7.317GiB,0.59%,736kB / 1.4MB,147kB / 709kB
23:59:49,facultylens-perf-app,62.06%,111.3MiB / 7.317GiB,1.48%,13.6GB / 4.09GB,6.33MB / 6.87MB
23:59:49,facultylens-perf-ai-service,0.10%,468.6MiB / 7.317GiB,6.25%,436kB / 96kB,326MB / 0B
23:59:49,facultylens-perf-nginx,0.89%,17.05MiB / 7.317GiB,0.23%,3.38GB / 3.43GB,8.34MB / 4.1kB
23:59:49,facultylens-perf-redis,1.50%,25.1MiB / 7.317GiB,0.33%,288MB / 5.87GB,40.8MB / 203MB
23:59:49,facultylens-perf-mysql,16.01%,939.8MiB / 7.317GiB,12.54%,508MB / 7.55GB,358MB / 1.93GB
23:59:56,facultylens-perf-scheduler,0.06%,32.29MiB / 7.317GiB,0.43%,1.88kB / 911B,0B / 709kB
23:59:56,facultylens-perf-worker,0.00%,44.03MiB / 7.317GiB,0.59%,737kB / 1.41MB,147kB / 709kB
23:59:56,facultylens-perf-app,83.52%,113.4MiB / 7.317GiB,1.51%,13.6GB / 4.11GB,6.33MB / 6.9MB
23:59:56,facultylens-perf-ai-service,0.10%,468.6MiB / 7.317GiB,6.25%,436kB / 96kB,326MB / 0B
23:59:56,facultylens-perf-nginx,3.28%,17.01MiB / 7.317GiB,0.23%,3.39GB / 3.44GB,8.34MB / 4.1kB
23:59:56,facultylens-perf-redis,4.45%,25.12MiB / 7.317GiB,0.34%,289MB / 5.9GB,40.8MB / 203MB
23:59:56,facultylens-perf-mysql,49.97%,940.1MiB / 7.317GiB,12.55%,510MB / 7.56GB,358MB / 1.93GB
00:00:03,facultylens-perf-scheduler,0.06%,32.3MiB / 7.317GiB,0.43%,1.88kB / 911B,0B / 709kB
00:00:03,facultylens-perf-worker,14.85%,44.04MiB / 7.317GiB,0.59%,738kB / 1.41MB,147kB / 709kB
00:00:03,facultylens-perf-app,85.47%,117.2MiB / 7.317GiB,1.56%,13.6GB / 4.13GB,6.33MB / 6.93MB
00:00:03,facultylens-perf-ai-service,0.10%,468.6MiB / 7.317GiB,6.25%,436kB / 96kB,326MB / 0B
00:00:03,facultylens-perf-nginx,0.96%,17MiB / 7.317GiB,0.23%,3.4GB / 3.45GB,8.34MB / 4.1kB
00:00:03,facultylens-perf-redis,3.73%,25.28MiB / 7.317GiB,0.34%,290MB / 5.92GB,40.8MB / 203MB
00:00:03,facultylens-perf-mysql,50.64%,939.9MiB / 7.317GiB,12.55%,512MB / 7.58GB,358MB / 1.94GB
00:00:10,facultylens-perf-scheduler,0.08%,32.3MiB / 7.317GiB,0.43%,1.88kB / 911B,0B / 709kB
00:00:10,facultylens-perf-worker,0.00%,44.04MiB / 7.317GiB,0.59%,739kB / 1.42MB,147kB / 709kB
00:00:10,facultylens-perf-app,30.55%,111.6MiB / 7.317GiB,1.49%,13.7GB / 4.14GB,6.33MB / 6.94MB
00:00:10,facultylens-perf-ai-service,0.12%,468.6MiB / 7.317GiB,6.25%,436kB / 96kB,326MB / 0B
00:00:10,facultylens-perf-nginx,1.23%,17MiB / 7.317GiB,0.23%,3.41GB / 3.46GB,8.34MB / 4.1kB
00:00:10,facultylens-perf-redis,1.88%,24.88MiB / 7.317GiB,0.33%,290MB / 5.94GB,40.9MB / 204MB
00:00:10,facultylens-perf-mysql,19.82%,940MiB / 7.317GiB,12.55%,513MB / 7.6GB,358MB / 1.94GB
00:00:18,facultylens-perf-scheduler,0.06%,32.3MiB / 7.317GiB,0.43%,1.88kB / 911B,0B / 709kB
00:00:18,facultylens-perf-worker,0.00%,44.04MiB / 7.317GiB,0.59%,740kB / 1.42MB,147kB / 709kB
00:00:18,facultylens-perf-app,28.10%,113.2MiB / 7.317GiB,1.51%,13.7GB / 4.15GB,6.33MB / 6.96MB
00:00:18,facultylens-perf-ai-service,0.09%,468.6MiB / 7.317GiB,6.25%,436kB / 96kB,326MB / 0B
00:00:18,facultylens-perf-nginx,3.30%,17.4MiB / 7.317GiB,0.23%,3.43GB / 3.47GB,8.34MB / 4.1kB
00:00:18,facultylens-perf-redis,1.85%,25.35MiB / 7.317GiB,0.34%,291MB / 5.96GB,40.9MB / 204MB
00:00:18,facultylens-perf-mysql,13.58%,940MiB / 7.317GiB,12.55%,515MB / 7.61GB,358MB / 1.95GB
00:00:25,facultylens-perf-scheduler,0.06%,32.3MiB / 7.317GiB,0.43%,1.88kB / 911B,0B / 709kB
00:00:25,facultylens-perf-worker,0.00%,44.04MiB / 7.317GiB,0.59%,740kB / 1.42MB,147kB / 709kB
00:00:25,facultylens-perf-app,14.25%,113MiB / 7.317GiB,1.51%,13.7GB / 4.17GB,6.33MB / 6.99MB
00:00:25,facultylens-perf-ai-service,0.10%,468.6MiB / 7.317GiB,6.25%,436kB / 96kB,326MB / 0B
00:00:25,facultylens-perf-nginx,0.60%,17MiB / 7.317GiB,0.23%,3.44GB / 3.49GB,8.34MB / 4.1kB
00:00:25,facultylens-perf-redis,3.27%,25.43MiB / 7.317GiB,0.34%,292MB / 5.98GB,40.9MB / 204MB
00:00:25,facultylens-perf-mysql,7.45%,940.2MiB / 7.317GiB,12.55%,517MB / 7.63GB,358MB / 1.96GB
00:00:32,facultylens-perf-scheduler,0.06%,32.3MiB / 7.317GiB,0.43%,1.88kB / 911B,0B / 709kB
00:00:32,facultylens-perf-worker,0.00%,44.04MiB / 7.317GiB,0.59%,741kB / 1.43MB,147kB / 709kB
00:00:32,facultylens-perf-app,76.53%,113.9MiB / 7.317GiB,1.52%,13.8GB / 4.18GB,6.33MB / 7.02MB
00:00:32,facultylens-perf-ai-service,0.10%,468.6MiB / 7.317GiB,6.25%,436kB / 96kB,326MB / 0B
00:00:32,facultylens-perf-nginx,2.71%,17.01MiB / 7.317GiB,0.23%,3.45GB / 3.5GB,8.34MB / 4.1kB
00:00:32,facultylens-perf-redis,3.67%,24.73MiB / 7.317GiB,0.33%,293MB / 6GB,41MB / 205MB
00:00:32,facultylens-perf-mysql,48.47%,940MiB / 7.317GiB,12.55%,519MB / 7.64GB,358MB / 1.96GB
00:00:40,facultylens-perf-scheduler,0.06%,32.3MiB / 7.317GiB,0.43%,1.88kB / 911B,0B / 709kB
00:00:40,facultylens-perf-worker,0.00%,44.04MiB / 7.317GiB,0.59%,741kB / 1.43MB,147kB / 709kB
00:00:40,facultylens-perf-app,102.99%,122.7MiB / 7.317GiB,1.64%,13.8GB / 4.2GB,6.33MB / 7.03MB
00:00:40,facultylens-perf-ai-service,0.11%,468.6MiB / 7.317GiB,6.25%,436kB / 96kB,326MB / 0B
00:00:40,facultylens-perf-nginx,5.52%,17.09MiB / 7.317GiB,0.23%,3.46GB / 3.51GB,8.34MB / 4.1kB
00:00:40,facultylens-perf-redis,4.19%,24.23MiB / 7.317GiB,0.32%,294MB / 6.03GB,41MB / 205MB
00:00:40,facultylens-perf-mysql,60.58%,940.6MiB / 7.317GiB,12.55%,521MB / 7.66GB,358MB / 1.97GB
00:00:47,facultylens-perf-scheduler,0.06%,32.3MiB / 7.317GiB,0.43%,1.88kB / 911B,0B / 709kB
00:00:47,facultylens-perf-worker,0.00%,44.04MiB / 7.317GiB,0.59%,742kB / 1.43MB,147kB / 709kB
00:00:47,facultylens-perf-app,34.81%,115.4MiB / 7.317GiB,1.54%,13.9GB / 4.21GB,6.33MB / 7.05MB
00:00:47,facultylens-perf-ai-service,0.08%,468.6MiB / 7.317GiB,6.25%,436kB / 96kB,326MB / 0B
00:00:47,facultylens-perf-nginx,1.45%,17.02MiB / 7.317GiB,0.23%,3.48GB / 3.52GB,8.34MB / 4.1kB
00:00:47,facultylens-perf-redis,2.06%,24.42MiB / 7.317GiB,0.33%,294MB / 6.05GB,41MB / 205MB
00:00:47,facultylens-perf-mysql,18.03%,940.1MiB / 7.317GiB,12.55%,522MB / 7.68GB,358MB / 1.97GB
00:00:54,facultylens-perf-scheduler,0.07%,32.3MiB / 7.317GiB,0.43%,1.88kB / 911B,0B / 709kB
00:00:54,facultylens-perf-worker,0.00%,44.04MiB / 7.317GiB,0.59%,742kB / 1.44MB,147kB / 709kB
00:00:54,facultylens-perf-app,41.81%,113.5MiB / 7.317GiB,1.52%,13.9GB / 4.23GB,6.33MB / 7.08MB
00:00:54,facultylens-perf-ai-service,0.16%,468.6MiB / 7.317GiB,6.25%,436kB / 96kB,326MB / 0B
00:00:54,facultylens-perf-nginx,1.59%,17.02MiB / 7.317GiB,0.23%,3.49GB / 3.54GB,8.34MB / 4.1kB
00:00:54,facultylens-perf-redis,2.24%,24.68MiB / 7.317GiB,0.33%,295MB / 6.07GB,41MB / 206MB
00:00:54,facultylens-perf-mysql,22.90%,940.1MiB / 7.317GiB,12.55%,525MB / 7.7GB,358MB / 1.98GB
00:01:01,facultylens-perf-scheduler,0.06%,32.3MiB / 7.317GiB,0.43%,1.88kB / 911B,0B / 709kB
00:01:01,facultylens-perf-worker,0.00%,44.04MiB / 7.317GiB,0.59%,743kB / 1.44MB,147kB / 709kB
00:01:01,facultylens-perf-app,18.21%,114.3MiB / 7.317GiB,1.53%,13.9GB / 4.24GB,6.33MB / 7.1MB
00:01:01,facultylens-perf-ai-service,3.08%,468.6MiB / 7.317GiB,6.25%,436kB / 96kB,326MB / 0B
00:01:01,facultylens-perf-nginx,2.39%,17.03MiB / 7.317GiB,0.23%,3.5GB / 3.55GB,8.34MB / 4.1kB
00:01:01,facultylens-perf-redis,3.43%,24.65MiB / 7.317GiB,0.33%,296MB / 6.09GB,41.1MB / 206MB
00:01:01,facultylens-perf-mysql,51.39%,940.1MiB / 7.317GiB,12.55%,526MB / 7.72GB,358MB / 1.99GB
00:01:09,facultylens-perf-scheduler,0.06%,32.3MiB / 7.317GiB,0.43%,1.88kB / 911B,0B / 709kB
00:01:09,facultylens-perf-worker,0.00%,44.03MiB / 7.317GiB,0.59%,744kB / 1.44MB,147kB / 709kB
00:01:09,facultylens-perf-app,62.45%,112.7MiB / 7.317GiB,1.50%,14GB / 4.25GB,6.33MB / 7.12MB
00:01:09,facultylens-perf-ai-service,0.11%,468.6MiB / 7.317GiB,6.25%,436kB / 96kB,326MB / 0B
00:01:09,facultylens-perf-nginx,1.29%,17.28MiB / 7.317GiB,0.23%,3.51GB / 3.56GB,8.34MB / 4.1kB
00:01:09,facultylens-perf-redis,1.86%,25.08MiB / 7.317GiB,0.33%,297MB / 6.11GB,41.1MB / 207MB
00:01:09,facultylens-perf-mysql,42.39%,940.4MiB / 7.317GiB,12.55%,528MB / 7.74GB,358MB / 1.99GB
00:01:16,facultylens-perf-scheduler,0.07%,32.3MiB / 7.317GiB,0.43%,1.88kB / 911B,0B / 709kB
00:01:16,facultylens-perf-worker,0.00%,44.03MiB / 7.317GiB,0.59%,745kB / 1.45MB,147kB / 709kB
00:01:16,facultylens-perf-app,12.96%,112.8MiB / 7.317GiB,1.51%,14GB / 4.27GB,6.33MB / 7.15MB
00:01:16,facultylens-perf-ai-service,0.10%,468.6MiB / 7.317GiB,6.25%,436kB / 96kB,326MB / 0B
00:01:16,facultylens-perf-nginx,0.40%,17.01MiB / 7.317GiB,0.23%,3.52GB / 3.57GB,8.34MB / 4.1kB
00:01:16,facultylens-perf-redis,5.57%,25.16MiB / 7.317GiB,0.34%,298MB / 6.13GB,41.1MB / 207MB
00:01:16,facultylens-perf-mysql,10.91%,940.4MiB / 7.317GiB,12.55%,530MB / 7.77GB,358MB / 2GB
00:01:23,facultylens-perf-scheduler,0.06%,32.3MiB / 7.317GiB,0.43%,1.88kB / 911B,0B / 709kB
00:01:23,facultylens-perf-worker,0.00%,44.03MiB / 7.317GiB,0.59%,745kB / 1.45MB,147kB / 709kB
00:01:23,facultylens-perf-app,54.94%,113.5MiB / 7.317GiB,1.52%,14.1GB / 4.28GB,6.33MB / 7.18MB
00:01:23,facultylens-perf-ai-service,0.10%,468.6MiB / 7.317GiB,6.25%,436kB / 96kB,326MB / 0B
00:01:23,facultylens-perf-nginx,1.86%,17.05MiB / 7.317GiB,0.23%,3.54GB / 3.58GB,8.34MB / 4.1kB
00:01:23,facultylens-perf-redis,2.53%,25.05MiB / 7.317GiB,0.33%,299MB / 6.15GB,41.2MB / 208MB
00:01:23,facultylens-perf-mysql,36.41%,940.2MiB / 7.317GiB,12.55%,532MB / 7.79GB,358MB / 2.01GB
00:01:31,facultylens-perf-scheduler,0.06%,32.3MiB / 7.317GiB,0.43%,1.88kB / 911B,0B / 709kB
00:01:31,facultylens-perf-worker,0.00%,44.03MiB / 7.317GiB,0.59%,746kB / 1.45MB,147kB / 709kB
00:01:31,facultylens-perf-app,74.79%,110.8MiB / 7.317GiB,1.48%,14.1GB / 4.3GB,6.33MB / 7.19MB
00:01:31,facultylens-perf-ai-service,3.08%,468.6MiB / 7.317GiB,6.25%,436kB / 96kB,326MB / 0B
00:01:31,facultylens-perf-nginx,2.75%,17.02MiB / 7.317GiB,0.23%,3.55GB / 3.6GB,8.34MB / 4.1kB
00:01:31,facultylens-perf-redis,3.73%,25.13MiB / 7.317GiB,0.34%,300MB / 6.18GB,41.2MB / 208MB
00:01:31,facultylens-perf-mysql,41.18%,940.2MiB / 7.317GiB,12.55%,534MB / 7.8GB,358MB / 2.02GB
00:01:38,facultylens-perf-scheduler,0.06%,32.3MiB / 7.317GiB,0.43%,1.88kB / 911B,0B / 709kB
00:01:38,facultylens-perf-worker,0.00%,44.03MiB / 7.317GiB,0.59%,747kB / 1.46MB,147kB / 709kB
00:01:38,facultylens-perf-app,64.08%,113.5MiB / 7.317GiB,1.51%,14.2GB / 4.31GB,6.33MB / 7.21MB
00:01:38,facultylens-perf-ai-service,0.10%,468.6MiB / 7.317GiB,6.25%,436kB / 96kB,326MB / 0B
00:01:38,facultylens-perf-nginx,2.61%,17.01MiB / 7.317GiB,0.23%,3.56GB / 3.61GB,8.34MB / 4.1kB
00:01:38,facultylens-perf-redis,3.43%,25.18MiB / 7.317GiB,0.34%,301MB / 6.2GB,41.2MB / 208MB
00:01:38,facultylens-perf-mysql,35.34%,940.3MiB / 7.317GiB,12.55%,536MB / 7.82GB,358MB / 2.02GB
00:01:45,facultylens-perf-scheduler,0.07%,32.3MiB / 7.317GiB,0.43%,1.88kB / 911B,0B / 709kB
00:01:45,facultylens-perf-worker,0.01%,44.03MiB / 7.317GiB,0.59%,747kB / 1.46MB,147kB / 709kB
00:01:45,facultylens-perf-app,26.51%,109.8MiB / 7.317GiB,1.47%,14.2GB / 4.33GB,6.33MB / 7.24MB
00:01:45,facultylens-perf-ai-service,0.09%,468.6MiB / 7.317GiB,6.25%,436kB / 96kB,326MB / 0B
00:01:45,facultylens-perf-nginx,1.24%,17.07MiB / 7.317GiB,0.23%,3.57GB / 3.62GB,8.34MB / 4.1kB
00:01:45,facultylens-perf-redis,4.33%,25.31MiB / 7.317GiB,0.34%,301MB / 6.22GB,41.3MB / 209MB
00:01:45,facultylens-perf-mysql,17.53%,940.3MiB / 7.317GiB,12.55%,537MB / 7.82GB,358MB / 2.03GB
00:01:52,facultylens-perf-scheduler,0.06%,32.3MiB / 7.317GiB,0.43%,1.88kB / 911B,0B / 709kB
00:01:52,facultylens-perf-worker,0.01%,44.03MiB / 7.317GiB,0.59%,748kB / 1.46MB,147kB / 709kB
00:01:52,facultylens-perf-app,6.26%,108.7MiB / 7.317GiB,1.45%,14.2GB / 4.34GB,6.33MB / 7.27MB
00:01:52,facultylens-perf-ai-service,0.11%,468.6MiB / 7.317GiB,6.25%,436kB / 96kB,326MB / 0B
00:01:52,facultylens-perf-nginx,0.30%,17.04MiB / 7.317GiB,0.23%,3.59GB / 3.64GB,8.34MB / 4.1kB
00:01:52,facultylens-perf-redis,0.70%,25.32MiB / 7.317GiB,0.34%,302MB / 6.24GB,41.3MB / 209MB
00:01:52,facultylens-perf-mysql,5.02%,940.3MiB / 7.317GiB,12.55%,539MB / 7.83GB,358MB / 2.04GB
00:02:00,facultylens-perf-scheduler,0.07%,32.29MiB / 7.317GiB,0.43%,1.88kB / 911B,0B / 709kB
00:02:00,facultylens-perf-worker,0.01%,44.03MiB / 7.317GiB,0.59%,748kB / 1.47MB,147kB / 709kB
00:02:00,facultylens-perf-app,39.68%,110MiB / 7.317GiB,1.47%,14.2GB / 4.36GB,6.33MB / 7.28MB
00:02:00,facultylens-perf-ai-service,0.11%,468.6MiB / 7.317GiB,6.25%,436kB / 96kB,326MB / 0B
00:02:00,facultylens-perf-nginx,1.69%,17.03MiB / 7.317GiB,0.23%,3.6GB / 3.65GB,8.34MB / 4.1kB
00:02:00,facultylens-perf-redis,2.38%,25.4MiB / 7.317GiB,0.34%,302MB / 6.26GB,41.3MB / 209MB
00:02:00,facultylens-perf-mysql,20.31%,940.4MiB / 7.317GiB,12.55%,540MB / 7.84GB,358MB / 2.04GB
00:02:07,facultylens-perf-scheduler,0.07%,32.29MiB / 7.317GiB,0.43%,1.88kB / 911B,0B / 709kB
00:02:07,facultylens-perf-worker,0.01%,44.04MiB / 7.317GiB,0.59%,750kB / 1.47MB,147kB / 709kB
00:02:07,facultylens-perf-app,27.82%,109MiB / 7.317GiB,1.46%,14.3GB / 4.37GB,6.33MB / 7.3MB
00:02:07,facultylens-perf-ai-service,0.11%,468.6MiB / 7.317GiB,6.25%,436kB / 96kB,326MB / 0B
00:02:07,facultylens-perf-nginx,1.52%,17.37MiB / 7.317GiB,0.23%,3.61GB / 3.66GB,8.34MB / 4.1kB
00:02:07,facultylens-perf-redis,1.96%,25.43MiB / 7.317GiB,0.34%,303MB / 6.28GB,41.3MB / 209MB
00:02:07,facultylens-perf-mysql,37.89%,940.6MiB / 7.317GiB,12.55%,542MB / 7.84GB,358MB / 2.05GB
00:02:14,facultylens-perf-scheduler,0.07%,32.29MiB / 7.317GiB,0.43%,1.88kB / 911B,0B / 709kB
00:02:14,facultylens-perf-worker,0.01%,44.04MiB / 7.317GiB,0.59%,750kB / 1.48MB,147kB / 709kB
00:02:14,facultylens-perf-app,58.26%,106.1MiB / 7.317GiB,1.42%,14.3GB / 4.38GB,6.33MB / 7.34MB
00:02:14,facultylens-perf-ai-service,0.10%,468.6MiB / 7.317GiB,6.25%,436kB / 96kB,326MB / 0B
00:02:14,facultylens-perf-nginx,2.57%,17.04MiB / 7.317GiB,0.23%,3.62GB / 3.67GB,8.34MB / 4.1kB
00:02:14,facultylens-perf-redis,0.47%,25.21MiB / 7.317GiB,0.34%,303MB / 6.3GB,41.4MB / 209MB
00:02:14,facultylens-perf-mysql,30.86%,940.7MiB / 7.317GiB,12.56%,543MB / 7.84GB,358MB / 2.05GB
00:02:21,facultylens-perf-scheduler,0.07%,32.29MiB / 7.317GiB,0.43%,1.88kB / 911B,0B / 709kB
00:02:21,facultylens-perf-worker,0.00%,44.04MiB / 7.317GiB,0.59%,751kB / 1.48MB,147kB / 709kB
00:02:21,facultylens-perf-app,14.57%,105.8MiB / 7.317GiB,1.41%,14.3GB / 4.39GB,6.33MB / 7.35MB
00:02:21,facultylens-perf-ai-service,0.09%,468.6MiB / 7.317GiB,6.25%,436kB / 96kB,326MB / 0B
00:02:21,facultylens-perf-nginx,0.68%,17.09MiB / 7.317GiB,0.23%,3.63GB / 3.68GB,8.34MB / 4.1kB
00:02:21,facultylens-perf-redis,1.16%,25.51MiB / 7.317GiB,0.34%,304MB / 6.33GB,41.4MB / 209MB
00:02:21,facultylens-perf-mysql,16.01%,940.7MiB / 7.317GiB,12.56%,544MB / 7.85GB,358MB / 2.06GB
00:02:29,facultylens-perf-scheduler,0.08%,32.29MiB / 7.317GiB,0.43%,1.88kB / 911B,0B / 709kB
00:02:29,facultylens-perf-worker,0.01%,44.04MiB / 7.317GiB,0.59%,751kB / 1.48MB,147kB / 709kB
00:02:29,facultylens-perf-app,0.00%,107.6MiB / 7.317GiB,1.44%,14.3GB / 4.41GB,6.33MB / 7.37MB
00:02:29,facultylens-perf-ai-service,0.11%,468.6MiB / 7.317GiB,6.25%,436kB / 96kB,326MB / 0B
00:02:29,facultylens-perf-nginx,0.00%,17.01MiB / 7.317GiB,0.23%,3.64GB / 3.69GB,8.34MB / 4.1kB
00:02:29,facultylens-perf-redis,0.31%,24.61MiB / 7.317GiB,0.33%,304MB / 6.34GB,41.4MB / 209MB
00:02:29,facultylens-perf-mysql,25.82%,940.5MiB / 7.317GiB,12.55%,545MB / 7.85GB,358MB / 2.08GB
00:02:36,facultylens-perf-scheduler,0.08%,32.29MiB / 7.317GiB,0.43%,1.88kB / 911B,0B / 709kB
00:02:36,facultylens-perf-worker,0.01%,44.04MiB / 7.317GiB,0.59%,752kB / 1.49MB,147kB / 709kB
00:02:36,facultylens-perf-app,0.01%,107.2MiB / 7.317GiB,1.43%,14.3GB / 4.41GB,6.33MB / 7.38MB
00:02:36,facultylens-perf-ai-service,0.10%,468.6MiB / 7.317GiB,6.25%,436kB / 96kB,326MB / 0B
00:02:36,facultylens-perf-nginx,0.00%,17.01MiB / 7.317GiB,0.23%,3.65GB / 3.7GB,8.34MB / 4.1kB
00:02:36,facultylens-perf-redis,0.31%,24.86MiB / 7.317GiB,0.33%,304MB / 6.35GB,41.5MB / 209MB
00:02:36,facultylens-perf-mysql,0.56%,940.5MiB / 7.317GiB,12.55%,546MB / 7.85GB,358MB / 2.08GB
00:02:43,facultylens-perf-scheduler,0.08%,32.29MiB / 7.317GiB,0.43%,1.88kB / 911B,0B / 709kB
00:02:43,facultylens-perf-worker,0.00%,44.04MiB / 7.317GiB,0.59%,752kB / 1.49MB,147kB / 709kB
00:02:43,facultylens-perf-app,0.00%,108.7MiB / 7.317GiB,1.45%,14.3GB / 4.41GB,6.33MB / 7.38MB
00:02:43,facultylens-perf-ai-service,0.08%,468.6MiB / 7.317GiB,6.25%,436kB / 96kB,326MB / 0B
00:02:43,facultylens-perf-nginx,0.14%,16.95MiB / 7.317GiB,0.23%,3.65GB / 3.7GB,8.34MB / 4.1kB
00:02:43,facultylens-perf-redis,2.58%,24.94MiB / 7.317GiB,0.33%,304MB / 6.35GB,41.5MB / 209MB
00:02:43,facultylens-perf-mysql,3.94%,941.3MiB / 7.317GiB,12.56%,546MB / 7.85GB,358MB / 2.1GB
